PRAGMA foreign_keys=OFF;
BEGIN TRANSACTION;
CREATE TABLE IF NOT EXISTS "django_migrations" ("id" integer NOT NULL PRIMARY KEY AUTOINCREMENT, "app" varchar(255) NOT NULL, "name" varchar(255) NOT NULL, "applied" datetime NOT NULL);
INSERT INTO django_migrations VALUES(27,'contenttypes','0001_initial','2024-07-03 00:26:40.844209');
INSERT INTO django_migrations VALUES(28,'auth','0001_initial','2024-07-03 00:27:10.740840');
INSERT INTO django_migrations VALUES(29,'admin','0001_initial','2024-07-03 00:27:17.510591');
INSERT INTO django_migrations VALUES(30,'admin','0002_logentry_remove_auto_add','2024-07-03 00:27:17.515155');
INSERT INTO django_migrations VALUES(31,'admin','0003_logentry_add_action_flag_choices','2024-07-03 00:27:17.517655');
INSERT INTO django_migrations VALUES(32,'contenttypes','0002_remove_content_type_name','2024-07-03 00:27:17.525112');
INSERT INTO django_migrations VALUES(33,'auth','0002_alter_permission_name_max_length','2024-07-03 00:27:17.528492');
INSERT INTO django_migrations VALUES(34,'auth','0003_alter_user_email_max_length','2024-07-03 00:27:17.532097');
INSERT INTO django_migrations VALUES(35,'auth','0004_alter_user_username_opts','2024-07-03 00:27:17.534398');
INSERT INTO django_migrations VALUES(36,'auth','0005_alter_user_last_login_null','2024-07-03 00:27:17.537863');
INSERT INTO django_migrations VALUES(37,'auth','0006_require_contenttypes_0002','2024-07-03 00:27:17.538372');
INSERT INTO django_migrations VALUES(38,'auth','0007_alter_validators_add_error_messages','2024-07-03 00:27:17.540904');
INSERT INTO django_migrations VALUES(39,'auth','0008_alter_user_username_max_length','2024-07-03 00:27:17.544608');
INSERT INTO django_migrations VALUES(40,'auth','0009_alter_user_last_name_max_length','2024-07-03 00:27:17.547800');
INSERT INTO django_migrations VALUES(41,'auth','0010_alter_group_name_max_length','2024-07-03 00:27:17.551766');
INSERT INTO django_migrations VALUES(42,'auth','0011_update_proxy_permissions','2024-07-03 00:27:17.553922');
INSERT INTO django_migrations VALUES(43,'auth','0012_alter_user_first_name_max_length','2024-07-03 00:27:17.557092');
INSERT INTO django_migrations VALUES(44,'cadastros','0001_initial','2024-07-03 00:27:17.561075');
INSERT INTO django_migrations VALUES(45,'sessions','0001_initial','2024-07-03 00:27:26.805477');
INSERT INTO django_migrations VALUES(46,'cadastros','0002_vendedores_pix','2024-07-03 00:31:33.879094');
INSERT INTO django_migrations VALUES(47,'cadastros','0003_tabelapreco','2024-07-07 21:54:10.253300');
INSERT INTO django_migrations VALUES(48,'cadastros','0004_alter_tabelapreco_nome_and_more','2024-07-07 21:55:45.742509');
INSERT INTO django_migrations VALUES(49,'cadastros','0005_remove_tabelapreco_produto_and_more','2024-07-07 22:20:05.495010');
INSERT INTO django_migrations VALUES(50,'cadastros','0006_tabelaprecoproduto_comissao_gerente_comercial_and_more','2024-07-07 22:37:24.992997');
INSERT INTO django_migrations VALUES(51,'cadastros','0007_clientes_tabelapreco','2024-07-13 05:01:27.776136');
INSERT INTO django_migrations VALUES(52,'cadastros','0008_alter_clientes_tabelapreco','2024-07-15 18:08:39.351436');
INSERT INTO django_migrations VALUES(56,'produtos_acabados','0001_initial','2024-07-15 18:25:58.925017');
INSERT INTO django_migrations VALUES(57,'produtos_acabados','0002_transferenciaestoquesaidaprodutos_codigo_barra_caixa_and_more','2024-07-17 19:50:39.658361');
INSERT INTO django_migrations VALUES(58,'produtos_acabados','0003_alter_transferenciaestoquesaidaprodutos_codigo_barra_caixa_and_more','2024-07-17 19:50:53.722300');
INSERT INTO django_migrations VALUES(59,'cadastros','0009_alter_clientes_tabelapreco','2024-07-19 16:42:07.317330');
INSERT INTO django_migrations VALUES(60,'cadastros','0010_alter_products_box_bar_code_alter_products_cest_and_more','2024-07-19 18:19:16.397440');
INSERT INTO django_migrations VALUES(61,'produtos_acabados','0004_transferenciaestoquesaidainfo_validado','2024-07-21 19:20:17.109962');
INSERT INTO django_migrations VALUES(62,'cadastros','0011_products_another_info','2024-07-23 00:04:37.899831');
INSERT INTO django_migrations VALUES(63,'cadastros','0012_products_another_info_produto_pertence','2024-07-23 00:04:37.906651');
INSERT INTO django_migrations VALUES(64,'cadastros','0013_alter_products_cest_and_more','2024-07-29 20:11:43.833841');
INSERT INTO django_migrations VALUES(65,'vendas','0001_initial','2024-07-29 20:51:49.009570');
INSERT INTO django_migrations VALUES(66,'vendas','0002_pedido_aprovado','2024-07-31 22:42:59.484473');
INSERT INTO django_migrations VALUES(67,'cadastros','0014_alter_products_category','2024-08-05 22:50:27.742443');
INSERT INTO django_migrations VALUES(68,'produtos_acabados','0005_mistoitem_mistocomponent','2024-08-05 23:33:24.304653');
INSERT INTO django_migrations VALUES(69,'produtos_acabados','0006_remove_mistoitem_produto_misto_and_more','2024-08-06 00:00:32.129492');
INSERT INTO django_migrations VALUES(70,'produtos_acabados','0007_mistoitem_mistocomponent','2024-08-06 00:01:20.390029');
INSERT INTO django_migrations VALUES(71,'produtos_acabados','0008_mistoitem_produto_nome','2024-08-06 14:08:37.091607');
INSERT INTO django_migrations VALUES(72,'produtos_acabados','0009_mistoitem_date','2024-08-06 14:18:49.824700');
INSERT INTO django_migrations VALUES(73,'vendas','0003_pedidoseparacao','2024-08-09 22:26:48.301486');
INSERT INTO django_migrations VALUES(74,'vendas','0004_alter_pedidoitem_content_type','2024-08-09 22:52:48.364786');
CREATE TABLE IF NOT EXISTS "auth_group_permissions" ("id" integer NOT NULL PRIMARY KEY AUTOINCREMENT, "group_id" integer NOT NULL REFERENCES "auth_group" ("id") DEFERRABLE INITIALLY DEFERRED, "permission_id" integer NOT NULL REFERENCES "auth_permission" ("id") DEFERRABLE INITIALLY DEFERRED);
CREATE TABLE IF NOT EXISTS "auth_user_groups" ("id" integer NOT NULL PRIMARY KEY AUTOINCREMENT, "user_id" integer NOT NULL REFERENCES "auth_user" ("id") DEFERRABLE INITIALLY DEFERRED, "group_id" integer NOT NULL REFERENCES "auth_group" ("id") DEFERRABLE INITIALLY DEFERRED);
CREATE TABLE IF NOT EXISTS "auth_user_user_permissions" ("id" integer NOT NULL PRIMARY KEY AUTOINCREMENT, "user_id" integer NOT NULL REFERENCES "auth_user" ("id") DEFERRABLE INITIALLY DEFERRED, "permission_id" integer NOT NULL REFERENCES "auth_permission" ("id") DEFERRABLE INITIALLY DEFERRED);
CREATE TABLE IF NOT EXISTS "django_admin_log" ("id" integer NOT NULL PRIMARY KEY AUTOINCREMENT, "object_id" text NULL, "object_repr" varchar(200) NOT NULL, "action_flag" smallint unsigned NOT NULL CHECK ("action_flag" >= 0), "change_message" text NOT NULL, "content_type_id" integer NULL REFERENCES "django_content_type" ("id") DEFERRABLE INITIALLY DEFERRED, "user_id" integer NOT NULL REFERENCES "auth_user" ("id") DEFERRABLE INITIALLY DEFERRED, "action_time" datetime NOT NULL);
INSERT INTO django_admin_log VALUES(1,'1','Brilha Pneu Liquido',1,'[{"added": {}}]',8,1,'2024-07-03 00:40:14.318725');
INSERT INTO django_admin_log VALUES(2,'1','Joao artur',1,'[{"added": {}}]',11,1,'2024-07-03 00:43:49.406140');
INSERT INTO django_admin_log VALUES(3,'1','mikael - Brilha Pneu Liquido',1,'[{"added": {}}]',12,1,'2024-07-07 22:10:44.176650');
INSERT INTO django_admin_log VALUES(4,'2','joao - Brilha Pneu Liquido',1,'[{"added": {}}]',12,1,'2024-07-07 22:15:43.784348');
INSERT INTO django_admin_log VALUES(5,'2','Concentrado 500ml',1,'[{"added": {}}]',8,1,'2024-07-07 22:21:09.134605');
INSERT INTO django_admin_log VALUES(6,'3','Mikael',1,'[{"added": {}}, {"added": {"name": "tabela preco produto", "object": "Mikael - Brilha Pneu Liquido - 1.29"}}, {"added": {"name": "tabela preco produto", "object": "Mikael - Concentrado 500ml - 2.29"}}]',12,1,'2024-07-07 22:21:15.875743');
INSERT INTO django_admin_log VALUES(7,'3','Mikael',3,'',12,1,'2024-07-07 22:22:10.784377');
INSERT INTO django_admin_log VALUES(8,'4','Tabela 8ELOS',1,'[{"added": {}}]',12,1,'2024-07-07 22:22:23.657421');
INSERT INTO django_admin_log VALUES(9,'4','Tabela 8ELOS',2,'[{"added": {"name": "tabela preco produto", "object": "Tabela 8ELOS - Brilha Pneu Liquido - 3.50"}}, {"added": {"name": "tabela preco produto", "object": "Tabela 8ELOS - Concentrado 500ml - 3.35"}}]',12,1,'2024-07-07 22:22:38.475120');
INSERT INTO django_admin_log VALUES(10,'4','Tabela 8ELOS',2,'[]',12,1,'2024-07-07 22:23:57.247858');
INSERT INTO django_admin_log VALUES(11,'4','Tabela 8ELOS',2,'[]',12,1,'2024-07-07 22:24:02.989907');
INSERT INTO django_admin_log VALUES(12,'4','Tabela 8ELOS',2,'[]',12,1,'2024-07-07 22:24:09.016344');
INSERT INTO django_admin_log VALUES(13,'4','Tabela 8ELOS',2,'[{"changed": {"name": "tabela preco produto", "object": "Tabela 8ELOS - Brilha Pneu Liquido - 3.50 - 10 - 5 - None", "fields": ["Comissao gerente comercial", "Comissao vendedor"]}}, {"changed": {"name": "tabela preco produto", "object": "Tabela 8ELOS - Concentrado 500ml - 3.35 - 2 - 1 - 0.5", "fields": ["Comissao gerente comercial", "Comissao vendedor", "Comissao vendedor2"]}}]',12,1,'2024-07-07 22:38:06.215522');
INSERT INTO django_admin_log VALUES(14,'2','L.A de Souza QUimica',2,'[{"changed": {"fields": ["Nota fiscal", "TabelaPreco"]}}]',11,1,'2024-07-13 05:02:03.283509');
INSERT INTO django_admin_log VALUES(15,'4','mikael',2,'[{"changed": {"fields": ["Nota fiscal", "TabelaPreco"]}}]',11,1,'2024-07-13 05:02:52.800728');
INSERT INTO django_admin_log VALUES(16,'2','L.A de Souza QUimica',2,'[]',11,1,'2024-07-13 05:10:08.445300');
INSERT INTO django_admin_log VALUES(17,'2','L.A de Souza QUimica',2,'[]',11,1,'2024-07-13 05:10:12.045850');
INSERT INTO django_admin_log VALUES(18,'4','Tabela 8ELOS',2,'[]',12,1,'2024-07-13 05:10:19.616824');
INSERT INTO django_admin_log VALUES(19,'3','Limpa Banheiro Total',1,'[{"added": {}}]',8,1,'2024-07-13 05:18:49.218431');
INSERT INTO django_admin_log VALUES(20,'5','distribuidor pr',1,'[{"added": {}}, {"added": {"name": "tabela preco produto", "object": "distribuidor pr - Limpa Banheiro Total - 6.5 - 3 - 6 - 3"}}]',12,1,'2024-07-13 05:19:12.323059');
INSERT INTO django_admin_log VALUES(21,'1','Joao artur',2,'[{"changed": {"fields": ["TabelaPreco"]}}]',11,1,'2024-07-13 05:19:21.670058');
INSERT INTO django_admin_log VALUES(22,'1','mikael',3,'',12,1,'2024-07-15 18:07:31.186873');
INSERT INTO django_admin_log VALUES(23,'1','Joao artur',2,'[]',11,1,'2024-07-15 18:07:44.952967');
INSERT INTO django_admin_log VALUES(24,'5','mikael',2,'[{"changed": {"fields": ["Nota fiscal", "TabelaPreco"]}}]',11,1,'2024-07-15 18:07:58.398018');
INSERT INTO django_admin_log VALUES(25,'4','mikael',2,'[]',11,1,'2024-07-15 18:08:02.472199');
INSERT INTO django_admin_log VALUES(26,'5','mikael',2,'[]',11,1,'2024-07-15 18:08:04.734772');
INSERT INTO django_admin_log VALUES(27,'3','Mikae',2,'[{"changed": {"fields": ["Nota fiscal", "TabelaPreco"]}}]',11,1,'2024-07-15 18:08:11.311236');
INSERT INTO django_admin_log VALUES(28,'2','L.A de Souza QUimica',2,'[{"changed": {"fields": ["TabelaPreco"]}}]',11,1,'2024-07-15 18:08:18.212076');
INSERT INTO django_admin_log VALUES(29,'1','Joao artur',2,'[{"changed": {"fields": ["TabelaPreco"]}}]',11,1,'2024-07-15 18:08:23.813140');
INSERT INTO django_admin_log VALUES(30,'5','distribuidor pr',3,'',12,1,'2024-07-15 18:08:30.568228');
INSERT INTO django_admin_log VALUES(31,'4','Tabela 8ELOS',3,'',12,1,'2024-07-15 18:08:30.570663');
INSERT INTO django_admin_log VALUES(32,'1','1 - 2024-07-15',1,'[{"added": {}}]',19,1,'2024-07-15 18:27:21.660000');
INSERT INTO django_admin_log VALUES(33,'1','Brilha Pneu Liquido Lote: 12324',1,'[{"added": {}}]',18,1,'2024-07-15 18:27:51.189450');
INSERT INTO django_admin_log VALUES(34,'4','Numero Transferencia: 4  Data: 2024-07-15',3,'',19,1,'2024-07-15 18:34:46.571089');
INSERT INTO django_admin_log VALUES(35,'3','Numero Transferencia: 3  Data: 2024-07-15',3,'',19,1,'2024-07-15 18:34:46.574267');
INSERT INTO django_admin_log VALUES(36,'2','Numero Transferencia: 2  Data: 2024-07-15',3,'',19,1,'2024-07-15 18:34:46.576005');
INSERT INTO django_admin_log VALUES(37,'1','Numero Transferencia: 1  Data: 2024-07-15',3,'',19,1,'2024-07-15 18:34:46.577904');
INSERT INTO django_admin_log VALUES(38,'9','Numero Transferencia: 9  Data: 2024-07-15',3,'',19,1,'2024-07-15 18:44:54.146901');
INSERT INTO django_admin_log VALUES(39,'8','Numero Transferencia: 8  Data: 2024-07-15',3,'',19,1,'2024-07-15 18:44:54.149187');
INSERT INTO django_admin_log VALUES(40,'7','Numero Transferencia: 7  Data: 2024-07-15',3,'',19,1,'2024-07-15 18:44:54.150894');
INSERT INTO django_admin_log VALUES(41,'6','Numero Transferencia: 6  Data: 2024-07-15',3,'',19,1,'2024-07-15 18:44:54.152320');
INSERT INTO django_admin_log VALUES(42,'5','Numero Transferencia: 5  Data: 2024-07-15',3,'',19,1,'2024-07-15 18:44:54.154399');
INSERT INTO django_admin_log VALUES(43,'5','Brilha Pneu Liquido  | Lote:  12324   | Data Transferencia:  2024-07-15',3,'',18,1,'2024-07-15 19:15:37.997147');
INSERT INTO django_admin_log VALUES(44,'12','Numero Transferencia: 12  Data: 2024-07-15',3,'',19,1,'2024-07-15 19:15:42.231538');
INSERT INTO django_admin_log VALUES(45,'11','Numero Transferencia: 11  Data: 2024-07-15',3,'',19,1,'2024-07-15 19:15:42.233383');
INSERT INTO django_admin_log VALUES(46,'10','Numero Transferencia: 10  Data: 2024-07-15',3,'',19,1,'2024-07-15 19:15:42.234772');
INSERT INTO django_admin_log VALUES(47,'13','Numero Transferencia: 13  Data: 2024-07-15',3,'',19,1,'2024-07-15 19:29:29.699978');
INSERT INTO django_admin_log VALUES(48,'23','Numero Transferencia: 23  Data: 2024-07-15',3,'',19,1,'2024-07-15 23:38:58.020575');
INSERT INTO django_admin_log VALUES(49,'22','Numero Transferencia: 22  Data: 2024-07-15',3,'',19,1,'2024-07-15 23:38:58.023068');
INSERT INTO django_admin_log VALUES(50,'21','Numero Transferencia: 21  Data: 2024-07-15',3,'',19,1,'2024-07-15 23:38:58.024732');
INSERT INTO django_admin_log VALUES(51,'20','Numero Transferencia: 20  Data: 2024-07-15',3,'',19,1,'2024-07-15 23:38:58.026449');
INSERT INTO django_admin_log VALUES(52,'19','Numero Transferencia: 19  Data: 2024-07-15',3,'',19,1,'2024-07-15 23:38:58.028691');
INSERT INTO django_admin_log VALUES(53,'18','Numero Transferencia: 18  Data: 2024-07-15',3,'',19,1,'2024-07-15 23:38:58.030319');
INSERT INTO django_admin_log VALUES(54,'17','Numero Transferencia: 17  Data: 2024-07-15',3,'',19,1,'2024-07-15 23:38:58.031736');
INSERT INTO django_admin_log VALUES(55,'16','Numero Transferencia: 16  Data: 2024-07-15',3,'',19,1,'2024-07-15 23:38:58.033062');
INSERT INTO django_admin_log VALUES(56,'15','Numero Transferencia: 15  Data: 2024-07-15',3,'',19,1,'2024-07-15 23:38:58.034518');
INSERT INTO django_admin_log VALUES(57,'14','Numero Transferencia: 14  Data: 2024-07-15',3,'',19,1,'2024-07-15 23:38:58.036114');
INSERT INTO django_admin_log VALUES(58,'24','Numero Transferencia: 24  Data: 2024-07-15',3,'',19,1,'2024-07-15 23:40:55.516383');
INSERT INTO django_admin_log VALUES(59,'27','Numero Transferencia: 27  Data: 2024-07-15',3,'',19,1,'2024-07-15 23:58:26.952727');
INSERT INTO django_admin_log VALUES(60,'26','Numero Transferencia: 26  Data: 2024-07-15',3,'',19,1,'2024-07-15 23:58:26.956040');
INSERT INTO django_admin_log VALUES(61,'25','Numero Transferencia: 25  Data: 2024-07-15',3,'',19,1,'2024-07-15 23:58:26.957877');
INSERT INTO django_admin_log VALUES(62,'31','Numero Transferencia: 31  Data: 2024-07-16',3,'',19,1,'2024-07-16 00:13:17.616949');
INSERT INTO django_admin_log VALUES(63,'30','Numero Transferencia: 30  Data: 2024-07-16',3,'',19,1,'2024-07-16 00:13:17.621796');
INSERT INTO django_admin_log VALUES(64,'29','Numero Transferencia: 29  Data: 2024-07-16',3,'',19,1,'2024-07-16 00:13:17.623605');
INSERT INTO django_admin_log VALUES(65,'28','Numero Transferencia: 28  Data: 2024-07-16',3,'',19,1,'2024-07-16 00:13:17.625626');
INSERT INTO django_admin_log VALUES(66,'32','Numero Transferencia: 32  Data: 2024-07-16',3,'',19,1,'2024-07-16 00:16:07.906431');
INSERT INTO django_admin_log VALUES(67,'3','Limpa Banheiro Total',2,'[{"changed": {"fields": ["Product bar code", "Box bar code"]}}]',8,1,'2024-07-19 17:49:50.772653');
INSERT INTO django_admin_log VALUES(68,'3','Limpa Banheiro Total',2,'[]',8,1,'2024-07-19 18:31:48.614731');
INSERT INTO django_admin_log VALUES(69,'1','Brilha Pneu Liquido',2,'[{"changed": {"fields": ["Product bar code", "Box bar code"]}}]',8,1,'2024-07-19 23:37:05.093844');
INSERT INTO django_admin_log VALUES(70,'47','Limpa Banheiro Total  | Lote:  123   | Data Transferencia:  2024-07-20',3,'',18,1,'2024-07-20 00:01:41.049650');
INSERT INTO django_admin_log VALUES(71,'46','Limpa Banheiro Total  | Lote:  127   | Data Transferencia:  2024-07-20',3,'',18,1,'2024-07-20 00:01:41.053466');
INSERT INTO django_admin_log VALUES(72,'45','Limpa Banheiro Total  | Lote:  123   | Data Transferencia:  2024-07-20',3,'',18,1,'2024-07-20 00:01:41.054565');
INSERT INTO django_admin_log VALUES(73,'44','Limpa Banheiro Total  | Lote:  127   | Data Transferencia:  2024-07-20',3,'',18,1,'2024-07-20 00:01:41.055577');
INSERT INTO django_admin_log VALUES(74,'43','Concentrado 500ml  | Lote:  123   | Data Transferencia:  2024-07-19',3,'',18,1,'2024-07-20 00:01:41.056541');
INSERT INTO django_admin_log VALUES(75,'42','Limpa Banheiro Total  | Lote:  127   | Data Transferencia:  2024-07-19',3,'',18,1,'2024-07-20 00:01:41.057416');
INSERT INTO django_admin_log VALUES(76,'41','Concentrado 500ml  | Lote:  123   | Data Transferencia:  2024-07-19',3,'',18,1,'2024-07-20 00:01:41.058215');
INSERT INTO django_admin_log VALUES(77,'40','Limpa Banheiro Total  | Lote:  127   | Data Transferencia:  2024-07-19',3,'',18,1,'2024-07-20 00:01:41.058979');
INSERT INTO django_admin_log VALUES(78,'39','Concentrado 500ml  | Lote:  157898   | Data Transferencia:  2024-07-19',3,'',18,1,'2024-07-20 00:01:41.059736');
INSERT INTO django_admin_log VALUES(79,'38','Limpa Banheiro Total  | Lote:  127   | Data Transferencia:  2024-07-19',3,'',18,1,'2024-07-20 00:01:41.060471');
INSERT INTO django_admin_log VALUES(80,'37','Concentrado 500ml  | Lote:  1578   | Data Transferencia:  2024-07-19',3,'',18,1,'2024-07-20 00:01:41.061211');
INSERT INTO django_admin_log VALUES(81,'36','Limpa Banheiro Total  | Lote:  12   | Data Transferencia:  2024-07-19',3,'',18,1,'2024-07-20 00:01:41.061953');
INSERT INTO django_admin_log VALUES(82,'35','Limpa Banheiro Total  | Lote:  1234567891011   | Data Transferencia:  2024-07-19',3,'',18,1,'2024-07-20 00:01:41.062691');
INSERT INTO django_admin_log VALUES(83,'34','Limpa Banheiro Total  | Lote:  12345678910   | Data Transferencia:  2024-07-19',3,'',18,1,'2024-07-20 00:01:41.063400');
INSERT INTO django_admin_log VALUES(84,'33','Limpa Banheiro Total  | Lote:  123456789789   | Data Transferencia:  2024-07-19',3,'',18,1,'2024-07-20 00:01:41.064046');
INSERT INTO django_admin_log VALUES(85,'32','Limpa Banheiro Total  | Lote:  12345678978   | Data Transferencia:  2024-07-19',3,'',18,1,'2024-07-20 00:01:41.064989');
INSERT INTO django_admin_log VALUES(86,'31','Limpa Banheiro Total  | Lote:  1234567   | Data Transferencia:  2024-07-19',3,'',18,1,'2024-07-20 00:01:41.065614');
INSERT INTO django_admin_log VALUES(87,'30','Limpa Banheiro Total  | Lote:  123344   | Data Transferencia:  2024-07-16',3,'',18,1,'2024-07-20 00:01:41.066254');
INSERT INTO django_admin_log VALUES(88,'29','Concentrado 500ml  | Lote:  34524   | Data Transferencia:  2024-07-16',3,'',18,1,'2024-07-20 00:01:41.066877');
INSERT INTO django_admin_log VALUES(89,'28','Brilha Pneu Liquido  | Lote:  1234   | Data Transferencia:  2024-07-16',3,'',18,1,'2024-07-20 00:01:41.067495');
INSERT INTO django_admin_log VALUES(90,'27','Concentrado 500ml  | Lote:  1234   | Data Transferencia:  2024-07-16',3,'',18,1,'2024-07-20 00:01:41.068116');
INSERT INTO django_admin_log VALUES(91,'26','Brilha Pneu Liquido  | Lote:  123   | Data Transferencia:  2024-07-16',3,'',18,1,'2024-07-20 00:01:41.068768');
INSERT INTO django_admin_log VALUES(92,'25','Limpa Banheiro Total  | Lote:  1234   | Data Transferencia:  2024-07-16',3,'',18,1,'2024-07-20 00:01:41.069390');
INSERT INTO django_admin_log VALUES(93,'24','Concentrado 500ml  | Lote:  1234   | Data Transferencia:  2024-07-16',3,'',18,1,'2024-07-20 00:01:41.069997');
INSERT INTO django_admin_log VALUES(94,'23','Brilha Pneu Liquido  | Lote:  1234   | Data Transferencia:  2024-07-16',3,'',18,1,'2024-07-20 00:01:41.070604');
INSERT INTO django_admin_log VALUES(95,'22','Brilha Pneu Liquido  | Lote:  1   | Data Transferencia:  2024-07-16',3,'',18,1,'2024-07-20 00:01:41.071250');
INSERT INTO django_admin_log VALUES(96,'21','Limpa Banheiro Total  | Lote:  123   | Data Transferencia:  2024-07-16',3,'',18,1,'2024-07-20 00:01:41.071808');
INSERT INTO django_admin_log VALUES(97,'20','Brilha Pneu Liquido  | Lote:  123   | Data Transferencia:  2024-07-16',3,'',18,1,'2024-07-20 00:01:41.072384');
INSERT INTO django_admin_log VALUES(98,'50','Numero Transferencia: 50  Data: 2024-07-20',3,'',19,1,'2024-07-20 00:01:45.524089');
INSERT INTO django_admin_log VALUES(99,'49','Numero Transferencia: 49  Data: 2024-07-20',3,'',19,1,'2024-07-20 00:01:45.526302');
INSERT INTO django_admin_log VALUES(100,'48','Numero Transferencia: 48  Data: 2024-07-19',3,'',19,1,'2024-07-20 00:01:45.528167');
INSERT INTO django_admin_log VALUES(101,'47','Numero Transferencia: 47  Data: 2024-07-19',3,'',19,1,'2024-07-20 00:01:45.529985');
INSERT INTO django_admin_log VALUES(102,'46','Numero Transferencia: 46  Data: 2024-07-19',3,'',19,1,'2024-07-20 00:01:45.531288');
INSERT INTO django_admin_log VALUES(103,'45','Numero Transferencia: 45  Data: 2024-07-19',3,'',19,1,'2024-07-20 00:01:45.532559');
INSERT INTO django_admin_log VALUES(104,'44','Numero Transferencia: 44  Data: 2024-07-19',3,'',19,1,'2024-07-20 00:01:45.534241');
INSERT INTO django_admin_log VALUES(105,'43','Numero Transferencia: 43  Data: 2024-07-19',3,'',19,1,'2024-07-20 00:01:45.535552');
INSERT INTO django_admin_log VALUES(106,'42','Numero Transferencia: 42  Data: 2024-07-19',3,'',19,1,'2024-07-20 00:01:45.536849');
INSERT INTO django_admin_log VALUES(107,'41','Numero Transferencia: 41  Data: 2024-07-19',3,'',19,1,'2024-07-20 00:01:45.538206');
INSERT INTO django_admin_log VALUES(108,'40','Numero Transferencia: 40  Data: 2024-07-19',3,'',19,1,'2024-07-20 00:01:45.539849');
INSERT INTO django_admin_log VALUES(109,'39','Numero Transferencia: 39  Data: 2024-07-16',3,'',19,1,'2024-07-20 00:01:45.541359');
INSERT INTO django_admin_log VALUES(110,'38','Numero Transferencia: 38  Data: 2024-07-16',3,'',19,1,'2024-07-20 00:01:45.542758');
INSERT INTO django_admin_log VALUES(111,'37','Numero Transferencia: 37  Data: 2024-07-16',3,'',19,1,'2024-07-20 00:01:45.543921');
INSERT INTO django_admin_log VALUES(112,'36','Numero Transferencia: 36  Data: 2024-07-16',3,'',19,1,'2024-07-20 00:01:45.544918');
INSERT INTO django_admin_log VALUES(113,'35','Numero Transferencia: 35  Data: 2024-07-16',3,'',19,1,'2024-07-20 00:01:45.546107');
INSERT INTO django_admin_log VALUES(114,'34','Numero Transferencia: 34  Data: 2024-07-16',3,'',19,1,'2024-07-20 00:01:45.547291');
INSERT INTO django_admin_log VALUES(115,'33','Numero Transferencia: 33  Data: 2024-07-16',3,'',19,1,'2024-07-20 00:01:45.548262');
INSERT INTO django_admin_log VALUES(116,'54','Concentrado 500ml  | Lote:  12390   | Data Transferencia:  2024-07-20',3,'',18,1,'2024-07-20 00:27:11.295112');
INSERT INTO django_admin_log VALUES(117,'53','Concentrado 500ml  | Lote:  123   | Data Transferencia:  2024-07-20',3,'',18,1,'2024-07-20 00:27:42.113368');
INSERT INTO django_admin_log VALUES(118,'52','Concentrado 500ml  | Lote:  123   | Data Transferencia:  2024-07-20',3,'',18,1,'2024-07-20 00:27:42.117182');
INSERT INTO django_admin_log VALUES(119,'51','Concentrado 500ml  | Lote:  123   | Data Transferencia:  2024-07-20',3,'',18,1,'2024-07-20 00:27:42.119205');
INSERT INTO django_admin_log VALUES(120,'50','Limpa Banheiro Total  | Lote:  123   | Data Transferencia:  2024-07-20',3,'',18,1,'2024-07-20 00:27:42.120821');
INSERT INTO django_admin_log VALUES(121,'48','Limpa Banheiro Total  | Lote:  127   | Data Transferencia:  2024-07-20',3,'',18,1,'2024-07-20 00:27:42.122269');
INSERT INTO django_admin_log VALUES(122,'1','Limpa Banheiro Total - Superpao - Pertence: Limpa Banheiro Total',1,'[{"added": {}}]',20,1,'2024-07-23 00:08:31.341016');
INSERT INTO django_admin_log VALUES(123,'1','Brilha Pneu Liquido',2,'[{"changed": {"fields": ["Box quantity"]}}]',8,1,'2024-07-23 00:28:54.948019');
INSERT INTO django_admin_log VALUES(124,'1','Brilha Pneu Liquido',2,'[]',8,1,'2024-07-29 19:53:07.181074');
INSERT INTO django_admin_log VALUES(125,'1','Pedido object (1)',3,'',21,1,'2024-07-29 21:04:28.213394');
INSERT INTO django_admin_log VALUES(126,'23',' Franciele de 30/07/2024',3,'',21,1,'2024-07-31 21:48:27.425685');
INSERT INTO django_admin_log VALUES(127,'22',' Franciele de 30/07/2024',3,'',21,1,'2024-07-31 21:48:27.427504');
INSERT INTO django_admin_log VALUES(128,'21',' Franciele de 30/07/2024',3,'',21,1,'2024-07-31 21:48:27.428465');
INSERT INTO django_admin_log VALUES(129,'20',' Mikae de 30/07/2024',3,'',21,1,'2024-07-31 21:48:27.429518');
INSERT INTO django_admin_log VALUES(130,'19',' Mikae de 30/07/2024',3,'',21,1,'2024-07-31 21:48:27.430586');
INSERT INTO django_admin_log VALUES(131,'18',' mikael de 30/07/2024',3,'',21,1,'2024-07-31 21:48:27.431465');
INSERT INTO django_admin_log VALUES(132,'17',' mikael de 30/07/2024',3,'',21,1,'2024-07-31 21:48:27.432430');
INSERT INTO django_admin_log VALUES(133,'16',' mikael de 30/07/2024',3,'',21,1,'2024-07-31 21:48:27.433516');
INSERT INTO django_admin_log VALUES(134,'15',' L.A de Souza QUimica de 30/07/2024',3,'',21,1,'2024-07-31 21:48:27.434441');
INSERT INTO django_admin_log VALUES(135,'14',' L.A de Souza QUimica de 30/07/2024',3,'',21,1,'2024-07-31 21:48:27.435310');
INSERT INTO django_admin_log VALUES(136,'13',' L.A de Souza QUimica de 30/07/2024',3,'',21,1,'2024-07-31 21:48:27.436153');
INSERT INTO django_admin_log VALUES(137,'12',' L.A de Souza QUimica de 30/07/2024',3,'',21,1,'2024-07-31 21:48:27.437125');
INSERT INTO django_admin_log VALUES(138,'11',' L.A de Souza QUimica de 30/07/2024',3,'',21,1,'2024-07-31 21:48:27.438486');
INSERT INTO django_admin_log VALUES(139,'10',' Mikae de 29/07/2024',3,'',21,1,'2024-07-31 21:48:27.439690');
INSERT INTO django_admin_log VALUES(140,'9',' Mikae de 29/07/2024',3,'',21,1,'2024-07-31 21:48:27.440574');
INSERT INTO django_admin_log VALUES(141,'8',' Franciele de 29/07/2024',3,'',21,1,'2024-07-31 21:48:27.441570');
INSERT INTO django_admin_log VALUES(142,'7',' Mikae de 29/07/2024',3,'',21,1,'2024-07-31 21:48:27.442724');
INSERT INTO django_admin_log VALUES(143,'6',' L.A de Souza QUimica de 29/07/2024',3,'',21,1,'2024-07-31 21:48:27.443697');
INSERT INTO django_admin_log VALUES(144,'5',' L.A de Souza QUimica de 29/07/2024',3,'',21,1,'2024-07-31 21:48:27.444696');
INSERT INTO django_admin_log VALUES(145,'4',' L.A de Souza QUimica de 29/07/2024',3,'',21,1,'2024-07-31 21:48:27.445674');
INSERT INTO django_admin_log VALUES(146,'3',' L.A de Souza QUimica de 29/07/2024',3,'',21,1,'2024-07-31 21:48:27.446600');
INSERT INTO django_admin_log VALUES(147,'26',' Joao artur de 31/07/2024',2,'[{"changed": {"fields": ["Aprovado"]}}]',21,1,'2024-07-31 22:58:28.567090');
INSERT INTO django_admin_log VALUES(148,'87','Lava Louças Refil 1 Litro Cristal Blue Casa Clean',2,'[{"changed": {"fields": ["Category"]}}]',8,1,'2024-08-05 22:54:08.143510');
INSERT INTO django_admin_log VALUES(149,'1','Aromatizante Gel 60g Misto Mil Milhas - Lote: 123',1,'[{"added": {}}]',24,1,'2024-08-05 23:35:17.183548');
INSERT INTO django_admin_log VALUES(150,'1','Componente de Aromatizante Gel 60g Misto Mil Milhas - Lote: 123',1,'[{"added": {}}]',23,1,'2024-08-05 23:35:33.866892');
INSERT INTO django_admin_log VALUES(151,'2','Limpa Banheiro Total - Superpao  | PERTENCE: Brilha Pneu Líquido 485ml Mil Milhas - 7el - Lote: 1',1,'[{"added": {}}]',24,1,'2024-08-05 23:35:52.478956');
INSERT INTO django_admin_log VALUES(152,'1','Limpa Banheiro Total - Superpao  | PERTENCE: Limpa Banheiro Total Spray 910ml Casa Clean - 10L',2,'[{"changed": {"fields": ["Produto pertence"]}}]',20,1,'2024-08-06 11:55:26.378170');
INSERT INTO django_admin_log VALUES(153,'6','Aromatizante Gel 60g Misto Mil Milhas',2,'[{"changed": {"fields": ["Category"]}}]',8,1,'2024-08-06 11:56:12.502255');
INSERT INTO django_admin_log VALUES(154,'54','Limpa Banheiro Total Spray 910ml Casa Clean',2,'[{"changed": {"fields": ["Category"]}}]',8,1,'2024-08-06 12:25:37.774261');
INSERT INTO django_admin_log VALUES(155,'54','Limpa Banheiro Total Spray 910ml Casa Clean',2,'[{"changed": {"fields": ["Category"]}}]',8,1,'2024-08-06 12:26:01.553074');
INSERT INTO django_admin_log VALUES(156,'5','Aromatizante Gel 60g Misto Mil Milhas',2,'[{"changed": {"fields": ["Category"]}}]',8,1,'2024-08-06 12:26:08.810882');
INSERT INTO django_admin_log VALUES(157,'5','Aromatizante Gel 60g Misto Mil Milhas',3,'',8,1,'2024-08-06 13:22:55.390227');
INSERT INTO django_admin_log VALUES(158,'2','Aromatizante Gel 60g Misto Mil Milhas - Lote: M123',3,'',24,1,'2024-08-06 13:24:36.490833');
INSERT INTO django_admin_log VALUES(159,'1','Aromatizante Gel 60g Misto Mil Milhas - Lote: M123',3,'',24,1,'2024-08-06 13:24:36.498119');
INSERT INTO django_admin_log VALUES(160,'4','Aromatizante Gel 60g Misto Mil Milhas - Lote: M123',3,'',24,1,'2024-08-06 13:29:01.847165');
INSERT INTO django_admin_log VALUES(161,'3','Aromatizante Gel 60g Misto Mil Milhas - Lote: M123',3,'',24,1,'2024-08-06 13:29:01.852508');
INSERT INTO django_admin_log VALUES(162,'54','Limpa Banheiro Total Spray 910ml Casa Clean',2,'[]',8,1,'2024-08-06 13:33:38.861024');
INSERT INTO django_admin_log VALUES(163,'7','Aromatizante Gel 60g Carro Novo Mil Milhas',2,'[{"changed": {"fields": ["Category"]}}]',8,1,'2024-08-06 13:33:55.822954');
INSERT INTO django_admin_log VALUES(164,'8','Aromatizante Gel 60g Morango Mil Milhas',2,'[{"changed": {"fields": ["Category"]}}]',8,1,'2024-08-06 13:34:00.399310');
INSERT INTO django_admin_log VALUES(165,'5','Aromatizante Gel 60g Misto Mil Milhas - Lote: M123',3,'',24,1,'2024-08-06 13:36:03.154652');
INSERT INTO django_admin_log VALUES(166,'2','Aromatizante Gel 60g Misto Muffato  | PERTENCE: Aromatizante Gel 60g Misto Mil Milhas - 11el',1,'[{"added": {}}]',20,1,'2024-08-06 13:44:09.479027');
INSERT INTO django_admin_log VALUES(167,'7','Aromatizante Gel 60g Misto Muffato  | PERTENCE: Aromatizante Gel 60g Misto Mil Milhas - 11el - Lote: 123',2,'[{"changed": {"fields": ["Content type", "Object id", "Quantidade unitaria"]}}]',24,1,'2024-08-06 13:45:44.399363');
INSERT INTO django_admin_log VALUES(168,'10','Aromatizante Gel 60g Misto Mil Milhas - Lote: jj12345',2,'[]',24,1,'2024-08-06 14:19:30.124140');
INSERT INTO django_admin_log VALUES(169,'27',' Mikae de 05/08/2024',2,'[{"changed": {"fields": ["Aprovado"]}}]',21,1,'2024-08-09 23:13:26.474681');
INSERT INTO django_admin_log VALUES(170,'15','Pedido:  Franciele de 29/07/2024 --- Lote 35724 - 20 unidades do produto Brilha Pneu Líquido 485ml Mil Milhas',3,'',25,1,'2024-08-10 13:45:47.018354');
INSERT INTO django_admin_log VALUES(171,'17','Pedido:  Mikae de 10/08/2024 --- Lote m1455 - 120 unidades do produto Aromatizante Gel 60g Misto Mil Milhas',3,'',25,1,'2024-08-10 14:16:38.420320');
INSERT INTO django_admin_log VALUES(172,'18','Pedido:  Mikae de 10/08/2024 --- Lote m1455 - 120 unidades do produto Aromatizante Gel 60g Misto Mil Milhas',3,'',25,1,'2024-08-10 14:42:26.485885');
INSERT INTO django_admin_log VALUES(173,'19','Pedido:  Mikae de 10/08/2024 --- Lote m1455 - 120 unidades do produto Aromatizante Gel 60g Misto Mil Milhas',3,'',25,1,'2024-08-10 14:48:01.235662');
INSERT INTO django_admin_log VALUES(174,'20','Pedido:  Mikae de 10/08/2024 --- Lote m1455 - 120 unidades do produto Aromatizante Gel 60g Misto Mil Milhas',3,'',25,1,'2024-08-10 14:49:04.539668');
INSERT INTO django_admin_log VALUES(175,'21','Pedido:  Mikae de 10/08/2024 --- Lote m1455 - 120 unidades do produto Aromatizante Gel 60g Misto Mil Milhas',3,'',25,1,'2024-08-10 14:49:17.338093');
INSERT INTO django_admin_log VALUES(176,'22','Pedido:  Mikae de 10/08/2024 --- Lote m1455 - 120 unidades do produto Aromatizante Gel 60g Misto Mil Milhas',3,'',25,1,'2024-08-10 14:50:23.253746');
INSERT INTO django_admin_log VALUES(177,'23','Pedido:  Mikae de 10/08/2024 --- Lote m1455 - 119 unidades do produto Aromatizante Gel 60g Misto Mil Milhas',3,'',25,1,'2024-08-10 14:52:29.093436');
INSERT INTO django_admin_log VALUES(178,'24','Pedido:  Mikae de 10/08/2024 --- Lote m1455 - 119 unidades do produto Aromatizante Gel 60g Misto Mil Milhas',3,'',25,1,'2024-08-10 14:53:43.600500');
INSERT INTO django_admin_log VALUES(179,'25','Pedido:  Mikae de 10/08/2024 --- Lote m1455 - 119 unidades do produto Aromatizante Gel 60g Misto Mil Milhas',3,'',25,1,'2024-08-10 14:56:48.823385');
INSERT INTO django_admin_log VALUES(180,'27','Pedido:  Mikae de 10/08/2024 --- Lote m1455 - 110 unidades do produto Aromatizante Gel 60g Misto Mil Milhas',3,'',25,1,'2024-08-10 14:57:27.191344');
INSERT INTO django_admin_log VALUES(181,'28','Pedido:  Mikae de 10/08/2024 --- Lote m1455 - 110 unidades do produto Aromatizante Gel 60g Misto Mil Milhas',3,'',25,1,'2024-08-10 15:03:29.939144');
CREATE TABLE IF NOT EXISTS "django_content_type" ("id" integer NOT NULL PRIMARY KEY AUTOINCREMENT, "app_label" varchar(100) NOT NULL, "model" varchar(100) NOT NULL);
INSERT INTO django_content_type VALUES(1,'admin','logentry');
INSERT INTO django_content_type VALUES(2,'auth','permission');
INSERT INTO django_content_type VALUES(3,'auth','group');
INSERT INTO django_content_type VALUES(4,'auth','user');
INSERT INTO django_content_type VALUES(5,'contenttypes','contenttype');
INSERT INTO django_content_type VALUES(6,'sessions','session');
INSERT INTO django_content_type VALUES(7,'cadastros','fornecedores');
INSERT INTO django_content_type VALUES(8,'cadastros','products');
INSERT INTO django_content_type VALUES(9,'cadastros','vendedores');
INSERT INTO django_content_type VALUES(10,'cadastros','materiais_de_trabalho');
INSERT INTO django_content_type VALUES(11,'cadastros','clientes');
INSERT INTO django_content_type VALUES(12,'cadastros','tabelapreco');
INSERT INTO django_content_type VALUES(13,'cadastros','tabelaprecoproduto');
INSERT INTO django_content_type VALUES(18,'produtos_acabados','transferenciaestoquesaidaprodutos');
INSERT INTO django_content_type VALUES(19,'produtos_acabados','transferenciaestoquesaidainfo');
INSERT INTO django_content_type VALUES(20,'cadastros','products_another_info');
INSERT INTO django_content_type VALUES(21,'vendas','pedido');
INSERT INTO django_content_type VALUES(22,'vendas','pedidoitem');
INSERT INTO django_content_type VALUES(23,'produtos_acabados','mistocomponent');
INSERT INTO django_content_type VALUES(24,'produtos_acabados','mistoitem');
INSERT INTO django_content_type VALUES(25,'vendas','pedidoseparacao');
CREATE TABLE IF NOT EXISTS "auth_permission" ("id" integer NOT NULL PRIMARY KEY AUTOINCREMENT, "content_type_id" integer NOT NULL REFERENCES "django_content_type" ("id") DEFERRABLE INITIALLY DEFERRED, "codename" varchar(100) NOT NULL, "name" varchar(255) NOT NULL);
INSERT INTO auth_permission VALUES(1,1,'add_logentry','Can add log entry');
INSERT INTO auth_permission VALUES(2,1,'change_logentry','Can change log entry');
INSERT INTO auth_permission VALUES(3,1,'delete_logentry','Can delete log entry');
INSERT INTO auth_permission VALUES(4,1,'view_logentry','Can view log entry');
INSERT INTO auth_permission VALUES(5,2,'add_permission','Can add permission');
INSERT INTO auth_permission VALUES(6,2,'change_permission','Can change permission');
INSERT INTO auth_permission VALUES(7,2,'delete_permission','Can delete permission');
INSERT INTO auth_permission VALUES(8,2,'view_permission','Can view permission');
INSERT INTO auth_permission VALUES(9,3,'add_group','Can add group');
INSERT INTO auth_permission VALUES(10,3,'change_group','Can change group');
INSERT INTO auth_permission VALUES(11,3,'delete_group','Can delete group');
INSERT INTO auth_permission VALUES(12,3,'view_group','Can view group');
INSERT INTO auth_permission VALUES(13,4,'add_user','Can add user');
INSERT INTO auth_permission VALUES(14,4,'change_user','Can change user');
INSERT INTO auth_permission VALUES(15,4,'delete_user','Can delete user');
INSERT INTO auth_permission VALUES(16,4,'view_user','Can view user');
INSERT INTO auth_permission VALUES(17,5,'add_contenttype','Can add content type');
INSERT INTO auth_permission VALUES(18,5,'change_contenttype','Can change content type');
INSERT INTO auth_permission VALUES(19,5,'delete_contenttype','Can delete content type');
INSERT INTO auth_permission VALUES(20,5,'view_contenttype','Can view content type');
INSERT INTO auth_permission VALUES(21,6,'add_session','Can add session');
INSERT INTO auth_permission VALUES(22,6,'change_session','Can change session');
INSERT INTO auth_permission VALUES(23,6,'delete_session','Can delete session');
INSERT INTO auth_permission VALUES(24,6,'view_session','Can view session');
INSERT INTO auth_permission VALUES(25,7,'add_fornecedores','Can add fornecedores');
INSERT INTO auth_permission VALUES(26,7,'change_fornecedores','Can change fornecedores');
INSERT INTO auth_permission VALUES(27,7,'delete_fornecedores','Can delete fornecedores');
INSERT INTO auth_permission VALUES(28,7,'view_fornecedores','Can view fornecedores');
INSERT INTO auth_permission VALUES(29,8,'add_products','Can add products');
INSERT INTO auth_permission VALUES(30,8,'change_products','Can change products');
INSERT INTO auth_permission VALUES(31,8,'delete_products','Can delete products');
INSERT INTO auth_permission VALUES(32,8,'view_products','Can view products');
INSERT INTO auth_permission VALUES(33,9,'add_vendedores','Can add vendedores');
INSERT INTO auth_permission VALUES(34,9,'change_vendedores','Can change vendedores');
INSERT INTO auth_permission VALUES(35,9,'delete_vendedores','Can delete vendedores');
INSERT INTO auth_permission VALUES(36,9,'view_vendedores','Can view vendedores');
INSERT INTO auth_permission VALUES(37,10,'add_materiais_de_trabalho','Can add materiais_de_ trabalho');
INSERT INTO auth_permission VALUES(38,10,'change_materiais_de_trabalho','Can change materiais_de_ trabalho');
INSERT INTO auth_permission VALUES(39,10,'delete_materiais_de_trabalho','Can delete materiais_de_ trabalho');
INSERT INTO auth_permission VALUES(40,10,'view_materiais_de_trabalho','Can view materiais_de_ trabalho');
INSERT INTO auth_permission VALUES(41,11,'add_clientes','Can add clientes');
INSERT INTO auth_permission VALUES(42,11,'change_clientes','Can change clientes');
INSERT INTO auth_permission VALUES(43,11,'delete_clientes','Can delete clientes');
INSERT INTO auth_permission VALUES(44,11,'view_clientes','Can view clientes');
INSERT INTO auth_permission VALUES(45,12,'add_tabelapreco','Can add tabela preco');
INSERT INTO auth_permission VALUES(46,12,'change_tabelapreco','Can change tabela preco');
INSERT INTO auth_permission VALUES(47,12,'delete_tabelapreco','Can delete tabela preco');
INSERT INTO auth_permission VALUES(48,12,'view_tabelapreco','Can view tabela preco');
INSERT INTO auth_permission VALUES(49,13,'add_tabelaprecoproduto','Can add tabela preco produto');
INSERT INTO auth_permission VALUES(50,13,'change_tabelaprecoproduto','Can change tabela preco produto');
INSERT INTO auth_permission VALUES(51,13,'delete_tabelaprecoproduto','Can delete tabela preco produto');
INSERT INTO auth_permission VALUES(52,13,'view_tabelaprecoproduto','Can view tabela preco produto');
INSERT INTO auth_permission VALUES(69,18,'add_transferenciaestoquesaidaprodutos','Can add transferencia estoque saida produtos');
INSERT INTO auth_permission VALUES(70,18,'change_transferenciaestoquesaidaprodutos','Can change transferencia estoque saida produtos');
INSERT INTO auth_permission VALUES(71,18,'delete_transferenciaestoquesaidaprodutos','Can delete transferencia estoque saida produtos');
INSERT INTO auth_permission VALUES(72,18,'view_transferenciaestoquesaidaprodutos','Can view transferencia estoque saida produtos');
INSERT INTO auth_permission VALUES(73,19,'add_transferenciaestoquesaidainfo','Can add transferencia estoque saida info');
INSERT INTO auth_permission VALUES(74,19,'change_transferenciaestoquesaidainfo','Can change transferencia estoque saida info');
INSERT INTO auth_permission VALUES(75,19,'delete_transferenciaestoquesaidainfo','Can delete transferencia estoque saida info');
INSERT INTO auth_permission VALUES(76,19,'view_transferenciaestoquesaidainfo','Can view transferencia estoque saida info');
INSERT INTO auth_permission VALUES(77,20,'add_products_another_info','Can add products_another_info');
INSERT INTO auth_permission VALUES(78,20,'change_products_another_info','Can change products_another_info');
INSERT INTO auth_permission VALUES(79,20,'delete_products_another_info','Can delete products_another_info');
INSERT INTO auth_permission VALUES(80,20,'view_products_another_info','Can view products_another_info');
INSERT INTO auth_permission VALUES(81,21,'add_pedido','Can add pedido');
INSERT INTO auth_permission VALUES(82,21,'change_pedido','Can change pedido');
INSERT INTO auth_permission VALUES(83,21,'delete_pedido','Can delete pedido');
INSERT INTO auth_permission VALUES(84,21,'view_pedido','Can view pedido');
INSERT INTO auth_permission VALUES(85,22,'add_pedidoitem','Can add pedido item');
INSERT INTO auth_permission VALUES(86,22,'change_pedidoitem','Can change pedido item');
INSERT INTO auth_permission VALUES(87,22,'delete_pedidoitem','Can delete pedido item');
INSERT INTO auth_permission VALUES(88,22,'view_pedidoitem','Can view pedido item');
INSERT INTO auth_permission VALUES(89,23,'add_mistocomponent','Can add misto component');
INSERT INTO auth_permission VALUES(90,23,'change_mistocomponent','Can change misto component');
INSERT INTO auth_permission VALUES(91,23,'delete_mistocomponent','Can delete misto component');
INSERT INTO auth_permission VALUES(92,23,'view_mistocomponent','Can view misto component');
INSERT INTO auth_permission VALUES(93,24,'add_mistoitem','Can add misto item');
INSERT INTO auth_permission VALUES(94,24,'change_mistoitem','Can change misto item');
INSERT INTO auth_permission VALUES(95,24,'delete_mistoitem','Can delete misto item');
INSERT INTO auth_permission VALUES(96,24,'view_mistoitem','Can view misto item');
INSERT INTO auth_permission VALUES(97,25,'add_pedidoseparacao','Can add pedido separacao');
INSERT INTO auth_permission VALUES(98,25,'change_pedidoseparacao','Can change pedido separacao');
INSERT INTO auth_permission VALUES(99,25,'delete_pedidoseparacao','Can delete pedido separacao');
INSERT INTO auth_permission VALUES(100,25,'view_pedidoseparacao','Can view pedido separacao');
CREATE TABLE IF NOT EXISTS "auth_group" ("id" integer NOT NULL PRIMARY KEY AUTOINCREMENT, "name" varchar(150) NOT NULL UNIQUE);
CREATE TABLE IF NOT EXISTS "auth_user" ("id" integer NOT NULL PRIMARY KEY AUTOINCREMENT, "password" varchar(128) NOT NULL, "last_login" datetime NULL, "is_superuser" bool NOT NULL, "username" varchar(150) NOT NULL UNIQUE, "last_name" varchar(150) NOT NULL, "email" varchar(254) NOT NULL, "is_staff" bool NOT NULL, "is_active" bool NOT NULL, "date_joined" datetime NOT NULL, "first_name" varchar(150) NOT NULL);
INSERT INTO auth_user VALUES(1,'pbkdf2_sha256$720000$B7dE3lrTtRit8bLDWovakM$tkSchJyOXFd0XN8h7b0oGyDJx2bLyyB76c/y2lYIVlo=','2024-08-14 11:44:24.012362',1,'admin','','mikaelbrec@gmail.com',1,1,'2024-07-03 00:29:09.744168','');
INSERT INTO auth_user VALUES(2,'pbkdf2_sha256$720000$i3h5Jg6GfyNQZSsBHFQPou$kmAoH9IXCUClszYbT/V207nM2Adzg3BaeXASUQNyoTM=','2024-08-13 18:34:29.338776',0,'username','','email@example.com',0,1,'2024-08-13 17:13:33.107490','');
CREATE TABLE IF NOT EXISTS "cadastros_fornecedores" ("id" integer NOT NULL PRIMARY KEY AUTOINCREMENT, "name" varchar(40) NOT NULL, "cnpj" integer NOT NULL, "cep" integer NOT NULL, "phone" integer NOT NULL, "email" varchar(40) NOT NULL, "address" varchar(40) NOT NULL);
CREATE TABLE IF NOT EXISTS "cadastros_vendedores" ("id" integer NOT NULL PRIMARY KEY AUTOINCREMENT, "name" varchar(40) NOT NULL, "cpf" integer NOT NULL, "phone" integer NOT NULL, "email" varchar(40) NOT NULL, "address" varchar(40) NOT NULL, "pix" varchar(60) NULL);
CREATE TABLE IF NOT EXISTS "cadastros_materiais_de_trabalho" ("id" integer NOT NULL PRIMARY KEY AUTOINCREMENT, "name" varchar(40) NOT NULL, "unit" varchar(10) NOT NULL, "category" varchar(25) NOT NULL, "supplier_id" bigint NOT NULL REFERENCES "cadastros_fornecedores" ("id") DEFERRABLE INITIALLY DEFERRED);
CREATE TABLE IF NOT EXISTS "django_session" ("session_key" varchar(40) NOT NULL PRIMARY KEY, "session_data" text NOT NULL, "expire_date" datetime NOT NULL);
INSERT INTO django_session VALUES('bh5pxxw4omvtrvw3z63piexbjao2l7cw','.eJxVjMsOwiAURP-FtSG8Hy7d9xsIcC9SNZCUdmX8d9ukC11NMufMvEmI21rDNnAJM5Ar4eTy26WYn9gOAI_Y7p3m3tZlTvRQ6EkHnTrg63a6fwc1jrqvi2BWaoeeK2tclk5rg-AlANo9uUtSRROTL0JkWwASFpYV4zIDOsfJ5wvb2DhJ:1sOns5:F9cENz6B-OPCQwNS2-fUAxRzMoffPxZLD03KdZrO0II','2024-07-17 00:29:17.214948');
INSERT INTO django_session VALUES('5obirb5zgssev6lpwpsvddlawlwzx7gu','.eJxVjMsOwiAURP-FtSG8Hy7d9xsIcC9SNZCUdmX8d9ukC11NMufMvEmI21rDNnAJM5Ar4eTy26WYn9gOAI_Y7p3m3tZlTvRQ6EkHnTrg63a6fwc1jrqvi2BWaoeeK2tclk5rg-AlANo9uUtSRROTL0JkWwASFpYV4zIDOsfJ5wvb2DhJ:1sSPCc:PdTQuF1KI1PbOgu8zx5l2fU5KrqBySfnV3dvs91UFvM','2024-07-26 22:57:22.529370');
INSERT INTO django_session VALUES('jyei52pr0hr8pqu2ca0o8zhgtjs3ahiy','.eJxVjMsOwiAURP-FtSG8Hy7d9xsIcC9SNZCUdmX8d9ukC11NMufMvEmI21rDNnAJM5Ar4eTy26WYn9gOAI_Y7p3m3tZlTvRQ6EkHnTrg63a6fwc1jrqvi2BWaoeeK2tclk5rg-AlANo9uUtSRROTL0JkWwASFpYV4zIDOsfJ5wvb2DhJ:1sTOZL:FBxNXZrsYP1Cbf4T1ae0Sd_LI_5u9qhzbkUEd8UZvKE','2024-07-29 16:28:55.419244');
INSERT INTO django_session VALUES('e2n2gx02qwj75p7xgyv6mk1sbdrjg0hc','.eJxVjMsOwiAURP-FtSG8Hy7d9xsIcC9SNZCUdmX8d9ukC11NMufMvEmI21rDNnAJM5Ar4eTy26WYn9gOAI_Y7p3m3tZlTvRQ6EkHnTrg63a6fwc1jrqvi2BWaoeeK2tclk5rg-AlANo9uUtSRROTL0JkWwASFpYV4zIDOsfJ5wvb2DhJ:1sTsgP:A2l0xf8mrnJzSqfNSN4EQoZSWdqK4KeTsb1VfRjk_X8','2024-07-31 00:38:13.247785');
INSERT INTO django_session VALUES('ow8qb9sbxa31ak6knw3oq4n27a48qpxa','.eJxVjMsOwiAURP-FtSG8Hy7d9xsIcC9SNZCUdmX8d9ukC11NMufMvEmI21rDNnAJM5Ar4eTy26WYn9gOAI_Y7p3m3tZlTvRQ6EkHnTrg63a6fwc1jrqvi2BWaoeeK2tclk5rg-AlANo9uUtSRROTL0JkWwASFpYV4zIDOsfJ5wvb2DhJ:1sUAg9:iX1bJVtdKkQ6jOax81AZiXd1WgYAD_saI0rQlWtwBRw','2024-07-31 19:51:09.587273');
INSERT INTO django_session VALUES('f9jkgi9gdbb1yliwui8x16jmx1go59h3','.eJxVjMsOwiAURP-FtSG8Hy7d9xsIcC9SNZCUdmX8d9ukC11NMufMvEmI21rDNnAJM5Ar4eTy26WYn9gOAI_Y7p3m3tZlTvRQ6EkHnTrg63a6fwc1jrqvi2BWaoeeK2tclk5rg-AlANo9uUtSRROTL0JkWwASFpYV4zIDOsfJ5wvb2DhJ:1sYWQO:5Ln5ggbjKqxrlGFfDaKqg5Moz3d1YYXSg4kM7dFh9OU','2024-08-12 19:52:52.052606');
INSERT INTO django_session VALUES('fae6jf8bbyxytiodrqjug7p3mfknfjk1','.eJxVjMsOwiAURP-FtSG8Hy7d9xsIcC9SNZCUdmX8d9ukC11NMufMvEmI21rDNnAJM5Ar4eTy26WYn9gOAI_Y7p3m3tZlTvRQ6EkHnTrg63a6fwc1jrqvi2BWaoeeK2tclk5rg-AlANo9uUtSRROTL0JkWwASFpYV4zIDOsfJ5wvb2DhJ:1sYXSY:AYyWRQz1myC_UGjNfjx_WL8UDU_fco0uM0VhVRI2qQs','2024-08-12 20:59:10.396282');
INSERT INTO django_session VALUES('2nqb159ag4go49mzgljkr6n79mr1tajb','.eJxVjMsOwiAURP-FtSG8Hy7d9xsIcC9SNZCUdmX8d9ukC11NMufMvEmI21rDNnAJM5Ar4eTy26WYn9gOAI_Y7p3m3tZlTvRQ6EkHnTrg63a6fwc1jrqvi2BWaoeeK2tclk5rg-AlANo9uUtSRROTL0JkWwASFpYV4zIDOsfJ5wvb2DhJ:1sZHB8:TkW-RFXNqNk9ULM8C9ioUkMPC-UlJIziSJ7n80IWHRw','2024-08-14 21:48:14.048056');
INSERT INTO django_session VALUES('ib5y1r8sdjzo9dtt1ee1gmvg2efkg7jn','.eJxVjMsOwiAURP-FtSG8Hy7d9xsIcC9SNZCUdmX8d9ukC11NMufMvEmI21rDNnAJM5Ar4eTy26WYn9gOAI_Y7p3m3tZlTvRQ6EkHnTrg63a6fwc1jrqvi2BWaoeeK2tclk5rg-AlANo9uUtSRROTL0JkWwASFpYV4zIDOsfJ5wvb2DhJ:1sZI7E:zd2ATIwLc2x29essP0kbSQ8HFs8JXkC3I_DWizH3uWo','2024-08-14 22:48:16.798556');
INSERT INTO django_session VALUES('7xc3hslaq5f1hult97ci0h2i07eizirk','.eJxVjMsOwiAURP-FtSG8Hy7d9xsIcC9SNZCUdmX8d9ukC11NMufMvEmI21rDNnAJM5Ar4eTy26WYn9gOAI_Y7p3m3tZlTvRQ6EkHnTrg63a6fwc1jrqvi2BWaoeeK2tclk5rg-AlANo9uUtSRROTL0JkWwASFpYV4zIDOsfJ5wvb2DhJ:1sdudy:RQYMSrVSGFL84-uzET1r8O_6lfEAryHlUPrDlc39P8k','2024-08-27 16:45:10.080113');
INSERT INTO django_session VALUES('zezzi0trhz6qf5ecj3e5rbkk3gt3gawz','.eJxVjMsOwiAURP-FtSG8Hy7d9xsIcC9SNZCUdmX8d9ukC11NMufMvEmI21rDNnAJM5Ar4eTy26WYn9gOAI_Y7p3m3tZlTvRQ6EkHnTrg63a6fwc1jrqvi2BWaoeeK2tclk5rg-AlANo9uUtSRROTL0JkWwASFpYV4zIDOsfJ5wvb2DhJ:1sdumz:x8f-kDVrzQXQtnMRBKjapbk1qbMxSvKZqAave2CIyyM','2024-08-13 17:01:09.092949');
INSERT INTO django_session VALUES('sg37x8we66ykm2lrs6ciukait7dq3eeh','.eJxVjMsOwiAURP-FtSG8Hy7d9xsIcC9SNZCUdmX8d9ukC11NMufMvEmI21rDNnAJM5Ar4eTy26WYn9gOAI_Y7p3m3tZlTvRQ6EkHnTrg63a6fwc1jrqvi2BWaoeeK2tclk5rg-AlANo9uUtSRROTL0JkWwASFpYV4zIDOsfJ5wvb2DhJ:1sdunK:ASTrWCKfXh5EQ6D0btf28YkvkO_8SEqHksIfgTLDlwg','2024-08-13 17:01:30.722743');
INSERT INTO django_session VALUES('cpfyrrbq8z8604przhaq5roaz1gp1q4j','.eJxVjMsOwiAURP-FtSG8Hy7d9xsIcC9SNZCUdmX8d9ukC11NMufMvEmI21rDNnAJM5Ar4eTy26WYn9gOAI_Y7p3m3tZlTvRQ6EkHnTrg63a6fwc1jrqvi2BWaoeeK2tclk5rg-AlANo9uUtSRROTL0JkWwASFpYV4zIDOsfJ5wvb2DhJ:1sdv3W:qqO3L-R7qDv5H7Aq5hP9a7uq97hMuqY0iTgHcdNl26w','2024-08-13 17:18:14.112764');
INSERT INTO django_session VALUES('fy1k38tv288f6i3uqn8r5gdckprn2waf','.eJxVjEEOgjAQRe_StWkYoNPWpXvO0Eyng6CmJBRWxrtbEha6fe_9_1aB9m0Ke5E1zEldVasuvywSPyUfIj0o3xfNS97WOeoj0acteliSvG5n-3cwUZnqWriLVswo2DkHIxvgCNgjYy--qRyAbUuNJHSIxnpH5GMLtrbSW1afL_FrOBQ:1sdvQT:FK54ngUaiLgg8R59X2-_9389ummUkckyEmt6g_fuwMw','2024-08-13 17:41:57.572653');
INSERT INTO django_session VALUES('64951wt6hlb8cre6ipx7h6qukeuhqq6x','.eJxVjMsOwiAURP-FtSG8Hy7d9xsIcC9SNZCUdmX8d9ukC11NMufMvEmI21rDNnAJM5Ar4eTy26WYn9gOAI_Y7p3m3tZlTvRQ6EkHnTrg63a6fwc1jrqvi2BWaoeeK2tclk5rg-AlANo9uUtSRROTL0JkWwASFpYV4zIDOsfJ5wvb2DhJ:1sdvUG:h4ANs8wLzb6s5EKR9SinqwtPoQBxY5nQy7stOao0wBU','2024-08-13 17:45:52.350286');
INSERT INTO django_session VALUES('pexam0js8ydkpamu3lzu806ldlwey742','.eJxVjEEOgjAQRe_StWkYoNPWpXvO0Eyng6CmJBRWxrtbEha6fe_9_1aB9m0Ke5E1zEldVasuvywSPyUfIj0o3xfNS97WOeoj0acteliSvG5n-3cwUZnqWriLVswo2DkHIxvgCNgjYy--qRyAbUuNJHSIxnpH5GMLtrbSW1afL_FrOBQ:1sdvZM:0Q7nSQJ8B6BfhskIbuclY7_S1IXjy7XQ7-ZNhJj5A-I','2024-08-13 17:51:08.691463');
INSERT INTO django_session VALUES('8cam9z06hj3rftcqfj3f3bajdsjjgkmi','.eJxVjMsOwiAURP-FtSG8Hy7d9xsIcC9SNZCUdmX8d9ukC11NMufMvEmI21rDNnAJM5Ar4eTy26WYn9gOAI_Y7p3m3tZlTvRQ6EkHnTrg63a6fwc1jrqvi2BWaoeeK2tclk5rg-AlANo9uUtSRROTL0JkWwASFpYV4zIDOsfJ5wvb2DhJ:1sdvdn:LaFbGyXqXM17DUagUM-3diDFL7zUpn5JUG-0A2Lhx8s','2024-08-13 17:55:43.546021');
INSERT INTO django_session VALUES('qk5gxnlderwpyczqrowh5weufj70vxgv','.eJxVjEEOgjAQRe_StWkYoNPWpXvO0Eyng6CmJBRWxrtbEha6fe_9_1aB9m0Ke5E1zEldVasuvywSPyUfIj0o3xfNS97WOeoj0acteliSvG5n-3cwUZnqWriLVswo2DkHIxvgCNgjYy--qRyAbUuNJHSIxnpH5GMLtrbSW1afL_FrOBQ:1sdvyb:ZSyqIRpFLY_ONyBWWDeiu0_LdT92eyzA-K9BDSw_xfg','2024-08-13 18:17:13.688727');
INSERT INTO django_session VALUES('k1p6lwzw5rn4fbls03jhrxe66r7msn96','.eJxVjEEOgjAQRe_StWkYoNPWpXvO0Eyng6CmJBRWxrtbEha6fe_9_1aB9m0Ke5E1zEldVasuvywSPyUfIj0o3xfNS97WOeoj0acteliSvG5n-3cwUZnqWriLVswo2DkHIxvgCNgjYy--qRyAbUuNJHSIxnpH5GMLtrbSW1afL_FrOBQ:1sdw9d:YWOcueAbEfwdwQKYmlD3SYzzaSOFys4WfwMjJkRRWfU','2024-08-13 18:28:37.099480');
INSERT INTO django_session VALUES('u5cn7jbddt4iyqnr9zuf44asbizu5490','.eJxVjEEOgjAQRe_StWkYoNPWpXvO0Eyng6CmJBRWxrtbEha6fe_9_1aB9m0Ke5E1zEldVasuvywSPyUfIj0o3xfNS97WOeoj0acteliSvG5n-3cwUZnqWriLVswo2DkHIxvgCNgjYy--qRyAbUuNJHSIxnpH5GMLtrbSW1afL_FrOBQ:1sdwLl:Ts-LJNg-1If4BwXwwM_CTAXWXHVrZasp8fmwVDvKdXY','2024-08-13 19:04:29.339981');
INSERT INTO django_session VALUES('h0eand3ls65eoxcqdmmp0ys9stwznhw6','.eJxVjMsOwiAURP-FtSG8Hy7d9xsIcC9SNZCUdmX8d9ukC11NMufMvEmI21rDNnAJM5Ar4eTy26WYn9gOAI_Y7p3m3tZlTvRQ6EkHnTrg63a6fwc1jrqvi2BWaoeeK2tclk5rg-AlANo9uUtSRROTL0JkWwASFpYV4zIDOsfJ5wvb2DhJ:1seCQS:FM4vE99dgITDfiWQ2j1R1x3_jjxBK1ALKeIjbSqxIME','2024-08-14 12:14:24.013752');
CREATE TABLE IF NOT EXISTS "cadastros_tabelapreco" ("id" integer NOT NULL PRIMARY KEY AUTOINCREMENT, "nome" varchar(30) NOT NULL);
INSERT INTO cadastros_tabelapreco VALUES(2,'joao');
CREATE TABLE IF NOT EXISTS "cadastros_tabelaprecoproduto" ("id" integer NOT NULL PRIMARY KEY AUTOINCREMENT, "valor_sem_impostos" decimal NOT NULL, "produto_id" bigint NOT NULL REFERENCES "cadastros_products" ("id") DEFERRABLE INITIALLY DEFERRED, "tabela_preco_id" bigint NOT NULL REFERENCES "cadastros_tabelapreco" ("id") DEFERRABLE INITIALLY DEFERRED, "comissao_gerente_comercial" decimal NULL, "comissao_vendedor" decimal NULL, "comissao_vendedor2" decimal NULL);
CREATE TABLE IF NOT EXISTS "produtos_acabados_transferencia_estoque_saida_info" ("id" integer NOT NULL PRIMARY KEY AUTOINCREMENT);
CREATE TABLE IF NOT EXISTS "produtos_acabados_transferencia_estoque_saida_produtos" ("id" integer NOT NULL PRIMARY KEY AUTOINCREMENT);
CREATE TABLE IF NOT EXISTS "produtos_acabados_transferenciaestoquesaidaprodutos" ("id" integer NOT NULL PRIMARY KEY AUTOINCREMENT, "quantidade_unitaria" integer NOT NULL, "quantidade_caixa" integer NOT NULL, "lote" varchar(20) NOT NULL, "data_fabricacao" date NOT NULL, "validade" date NOT NULL, "numero_transferencia_id" integer NOT NULL REFERENCES "produtos_acabados_transferenciaestoquesaidainfo" ("numero_transferencia") DEFERRABLE INITIALLY DEFERRED, "produto_id" bigint NOT NULL REFERENCES "cadastros_products" ("id") DEFERRABLE INITIALLY DEFERRED, "codigo_barra_caixa" varchar(14) NOT NULL, "codigo_barra_unidade" varchar(13) NOT NULL);
INSERT INTO produtos_acabados_transferenciaestoquesaidaprodutos VALUES(49,1,1,'123','2024-07-19','2024-07-19',51,3,'[''1234567899'', ''1789456123'']','[''123456789'', ''789456123'']');
INSERT INTO produtos_acabados_transferenciaestoquesaidaprodutos VALUES(55,10,12,'12390','2024-07-19','2024-07-19',57,2,'[''1234567899'']','[''123456789'']');
INSERT INTO produtos_acabados_transferenciaestoquesaidaprodutos VALUES(56,10,1,'123','2024-07-18','2024-07-19',58,3,'[''1234567899'', ''1789456123'']','[''123456789'', ''789456123'']');
INSERT INTO produtos_acabados_transferenciaestoquesaidaprodutos VALUES(57,1,1,'123','2024-07-19','2024-07-19',58,3,'[''1234567899'', ''1789456123'']','[''123456789'', ''789456123'']');
INSERT INTO produtos_acabados_transferenciaestoquesaidaprodutos VALUES(58,1,1,'123','2024-07-19','2024-07-19',59,3,'1234567899','123456789');
INSERT INTO produtos_acabados_transferenciaestoquesaidaprodutos VALUES(59,2000,200,'34524','2024-07-21','2026-07-21',60,3,'1234567899','123456789');
INSERT INTO produtos_acabados_transferenciaestoquesaidaprodutos VALUES(60,3000,150,'34624','2024-07-21','2026-07-21',60,2,'1789456123','789456123');
INSERT INTO produtos_acabados_transferenciaestoquesaidaprodutos VALUES(61,100,10,'35724','2024-07-21','2026-07-21',61,3,'1789456123','789456123');
INSERT INTO produtos_acabados_transferenciaestoquesaidaprodutos VALUES(62,100,5,'36724','2024-07-22','2026-07-22',62,1,'17894561237','7894561234');
INSERT INTO produtos_acabados_transferenciaestoquesaidaprodutos VALUES(63,100,10,'345294','2024-07-30','2024-07-30',63,1,'17896070312972','7896070312975');
INSERT INTO produtos_acabados_transferenciaestoquesaidaprodutos VALUES(64,200,20,'123411','2024-08-11','2026-08-10',64,54,'17893590347811','7893590347814');
INSERT INTO produtos_acabados_transferenciaestoquesaidaprodutos VALUES(65,100,10,'29534','2024-08-13','2026-08-13',65,54,'17893590347811','7893590347814');
INSERT INTO produtos_acabados_transferenciaestoquesaidaprodutos VALUES(66,120,2,'89245','2024-08-13','2027-08-13',66,7,'17896070030203','7896070030206');
CREATE TABLE IF NOT EXISTS "cadastros_clientes" ("id" integer NOT NULL PRIMARY KEY AUTOINCREMENT, "name" varchar(40) NOT NULL, "regime" varchar(10) NOT NULL, "cnpj" integer NOT NULL, "ie" integer NOT NULL, "cep" integer NOT NULL, "estado" varchar(2) NOT NULL, "cidade" varchar(40) NOT NULL, "rua" varchar(45) NOT NULL, "numero" varchar(10) NOT NULL, "complemento" varchar(50) NOT NULL, "nota_fiscal" varchar(24) NOT NULL, "Gerente_comercial_id" bigint NULL REFERENCES "cadastros_vendedores" ("id") DEFERRABLE INITIALLY DEFERRED, "vendedor_id" bigint NULL REFERENCES "cadastros_vendedores" ("id") DEFERRABLE INITIALLY DEFERRED, "vendedor_2_id" bigint NULL REFERENCES "cadastros_vendedores" ("id") DEFERRABLE INITIALLY DEFERRED, "TabelaPreco_id" bigint NULL REFERENCES "cadastros_tabelapreco" ("id") DEFERRABLE INITIALLY DEFERRED);
INSERT INTO cadastros_clientes VALUES(1,'Joao artur','simples',15642091000197,89852582,83830031,'PR','fazenda rio grande','jose martins','233','casa azul','meia nota',NULL,NULL,NULL,2);
INSERT INTO cadastros_clientes VALUES(2,'L.A de Souza QUimica','simples',196420910001197,118745454,83830031,'PR','Curitiba','Sao ildefonso','233','Muro azul','nota cheia',NULL,NULL,NULL,2);
INSERT INTO cadastros_clientes VALUES(3,'Mikae','simples',1964009100097,123456,83830031,'PA','Curitiba','Sao ildefonso','233','Sem COmplemente','meia nota',NULL,NULL,NULL,2);
INSERT INTO cadastros_clientes VALUES(4,'mikael','simples',19642091000197,12345678,8110520,'pr','curitiba','sao ildefonso','233','sem complemente','nota cheia',NULL,NULL,NULL,2);
INSERT INTO cadastros_clientes VALUES(5,'mikael','simples',49128391283,1239810,31928319,'PR','CURITIBA','AKSNDEAK','233','SEM COMPLETO','meia nota',NULL,NULL,NULL,2);
INSERT INTO cadastros_clientes VALUES(6,'Franciele','simples',123456789000111,123345678,8181818,'pr','fazenda rio grande','nao faço ideia','000','nao sei','',NULL,NULL,NULL,NULL);
INSERT INTO cadastros_clientes VALUES(7,'Luciquimica Produtos','simples',6183758000199,83830031,83830031,'PR','Fazenda Rio Grande','Sao ildefonso','233','S/C','',NULL,NULL,NULL,NULL);
CREATE TABLE IF NOT EXISTS "produtos_acabados_transferenciaestoquesaidainfo" ("numero_transferencia" integer NOT NULL PRIMARY KEY AUTOINCREMENT, "data_saida" date NOT NULL, "motorista" varchar(40) NOT NULL, "veiculo" varchar(40) NOT NULL, "conferente" varchar(40) NOT NULL, "quantidade_pallets" integer NOT NULL, "observacoes" text NOT NULL, "validado" bool NOT NULL);
INSERT INTO produtos_acabados_transferenciaestoquesaidainfo VALUES(51,'2024-07-20','Fabiane','Carro','Alessandro',130,'',0);
INSERT INTO produtos_acabados_transferenciaestoquesaidainfo VALUES(52,'2024-07-20','celso','caminhao','antenor',12,'aaa',0);
INSERT INTO produtos_acabados_transferenciaestoquesaidainfo VALUES(53,'2024-07-20','celso','caminhao','antenor',12,'aaa',0);
INSERT INTO produtos_acabados_transferenciaestoquesaidainfo VALUES(54,'2024-07-20','celso','caminhao','antenor',12,'aaa',0);
INSERT INTO produtos_acabados_transferenciaestoquesaidainfo VALUES(55,'2024-07-20','celso','caminhao','antenor',12,'aaa',0);
INSERT INTO produtos_acabados_transferenciaestoquesaidainfo VALUES(56,'2024-07-20','celso','caminhao','antenor',12,'aaa',0);
INSERT INTO produtos_acabados_transferenciaestoquesaidainfo VALUES(57,'2024-07-20','celso','caminhao','antenor',12,'aaa',0);
INSERT INTO produtos_acabados_transferenciaestoquesaidainfo VALUES(58,'2024-07-20','eu jose','mdkandjs','qmdkmasnd',12,'',0);
INSERT INTO produtos_acabados_transferenciaestoquesaidainfo VALUES(59,'2024-07-20','eu jose','mdkandjs','qmdkmasnd',12,'aa',0);
INSERT INTO produtos_acabados_transferenciaestoquesaidainfo VALUES(60,'2024-07-21','Celso','Caminhao Grande','Mikael',19,'cera color com codigos estranhos',0);
INSERT INTO produtos_acabados_transferenciaestoquesaidainfo VALUES(61,'2024-07-21','Ednilson','Furgao','Ednilson',1,'sem obs ',1);
INSERT INTO produtos_acabados_transferenciaestoquesaidainfo VALUES(62,'2024-07-22','celso','Caminhao grande','Fabiane',12,'',1);
INSERT INTO produtos_acabados_transferenciaestoquesaidainfo VALUES(63,'2024-07-30','CELSO','CAMINHAO PEQUNEO','FABIANE',10,'',1);
INSERT INTO produtos_acabados_transferenciaestoquesaidainfo VALUES(64,'2024-08-10','mikael','carro','mikael',1,'sem obs',1);
INSERT INTO produtos_acabados_transferenciaestoquesaidainfo VALUES(65,'2024-08-13','Antenor','caminhao pequeno','Fabiane',2,'tudo certo',0);
INSERT INTO produtos_acabados_transferenciaestoquesaidainfo VALUES(66,'2024-08-13','Antenor','caminhao pequeno','Mikael',1,'tudo certo',0);
CREATE TABLE IF NOT EXISTS "cadastros_products_another_info" ("id" integer NOT NULL PRIMARY KEY AUTOINCREMENT, "name" varchar(70) NOT NULL, "product_code" varchar(10) NULL, "product_bar_code" varchar(13) NULL, "box_bar_code" varchar(14) NULL, "box_quantity" integer NULL, "ncm" varchar(14) NULL, "cest" varchar(14) NOT NULL, "produto_pertence_id" bigint NOT NULL REFERENCES "cadastros_products" ("id") DEFERRABLE INITIALLY DEFERRED);
INSERT INTO cadastros_products_another_info VALUES(1,'Limpa Banheiro Total - Superpao','5L','712345678','1234567899',20,'121212','121212',54);
INSERT INTO cadastros_products_another_info VALUES(2,'Aromatizante Gel 60g Misto Muffato','11el','1789607003033','17896070030233',12,'33074900','33074900',6);
CREATE TABLE IF NOT EXISTS "cadastros_products"
(
    id               integer     not null
        primary key autoincrement,
    name             varchar(70) not null,
    product_code     varchar(10),
    product_bar_code varchar(13),
    box_bar_code     varchar(14),
    category         varchar(15) not null,
    unit             varchar(10) not null,
    box_quantity     integer,
    gross_weight     decimal(5, 2),
    net_weight       decimal(5, 2),
    ncm              varchar(14),
    cest             varchar(14)
);
INSERT INTO cadastros_products VALUES(1,'Lava Auto Concentrado 500ml Mil Milhas','5el','7896070312975','17896070312972','fabricados','un',20,0.53000000000000007105,0.5,'34025000','1100700');
INSERT INTO cadastros_products VALUES(2,'Lava Auto com Cera 500ml Mil Milhas','6el','7896070340091','17896070340098','fabricados','un',20,0.55,0.5,'34025000','1100700');
INSERT INTO cadastros_products VALUES(3,'Brilha Pneu Líquido 485ml Mil Milhas','7el','7896070314672','17896070314679','fabricados','un',20,0.56000000000000005329,0.47999999999999998223,'15200020',NULL);
INSERT INTO cadastros_products VALUES(4,'Brilha Pneu Gel 500g Mil Milhas','8el','7896070353831','17896070353838','fabricados','un',20,0.56000000000000005329,0.5,'15200020',NULL);
INSERT INTO cadastros_products VALUES(6,'Aromatizante Gel 60g Misto Mil Milhas','11el','1789607003020','17896070030203','misto','un',60,0.1,0.6,'33074900',NULL);
INSERT INTO cadastros_products VALUES(7,'Aromatizante Gel 60g Carro Novo Mil Milhas','11elc','7896070030206','17896070030203','fabricado','un',60,0.1,0.06,'33074900',NULL);
INSERT INTO cadastros_products VALUES(8,'Aromatizante Gel 60g Morango Mil Milhas','11elm','7896070030206','17896070030203','fabricado','un',60,0.1,0.06,'33074900',NULL);
INSERT INTO cadastros_products VALUES(9,'Aromatizante Gel 60g Talco Mil Milhas','11co','7896070030206','17896070030203','fabricados','un',60,0.1,0.06,'33074900',NULL);
INSERT INTO cadastros_products VALUES(10,'Aromatizante Gel 60g Lavanda Mil Milhas','11la','7896070030206','17896070030203','fabricados','un',60,0.1,0.06,'33074900',NULL);
INSERT INTO cadastros_products VALUES(11,'Aromatizante Gel 60g Citrico Mil Milhas','11ct','7896070030206','17896070030203','fabricados','un',60,0.1,0.06,'33074900',NULL);
INSERT INTO cadastros_products VALUES(12,'Aromatizante Gel 60g Tutti-Frutti Mil Milhas','11elt','7896070030206','17896070030203','fabricados','un',60,0.1,0.06,'33074900',NULL);
INSERT INTO cadastros_products VALUES(13,'Aromatizante Spray 60ml Talco Mil Milhas','26elt','7896070303553','17896070303550','fabricados','un',60,0.070000000000000008881,0.06,'33074900',NULL);
INSERT INTO cadastros_products VALUES(14,'Aromatizante Spray 60ml Carro Novo Mil Milhas','26elc','7896070303591','17896070303598','fabricados','un',60,0.070000000000000008881,0.06,'33074900',NULL);
INSERT INTO cadastros_products VALUES(15,'Aromatizante Spray 60ml Morango Mil Milhas','26elm','7896070603813','17896070603810','fabricados','un',60,0.070000000000000008881,0.06,'33074900',NULL);
INSERT INTO cadastros_products VALUES(16,'Aromatizante Spray 60ml Mil Milhas ','26el','7896070303553','17896070303550','fabricados','un',60,0.070000000000000008881,0.06,'33074900',NULL);
INSERT INTO cadastros_products VALUES(17,'Aromatizante Spray 60ml Carro Novo Mil Milhas','26elc','7898973182112','17898973182119','fabricados','un',60,0.070000000000000008881,0.06,'33074900',NULL);
INSERT INTO cadastros_products VALUES(18,'Aromatizante Spray 60ml Talco Mil Milhas','26elt','7898973182129','17898973182126','fabricados','un',60,0.070000000000000008881,0.06,'33074900',NULL);
INSERT INTO cadastros_products VALUES(19,'Antiembaçante Spray 60ml Mil Milhas','18el','7896070303508','17896070303505','fabricados','un',60,0.070000000000000008881,0.06,'34029039',NULL);
INSERT INTO cadastros_products VALUES(20,'Kit 2X1 Silicone Gel + Cera Lata Mil Milhas','21k','7896070000063','17896070000060','fabricados','un',12,0.45,0.45,'34053000',NULL);
INSERT INTO cadastros_products VALUES(21,'Kit 2X1 Concentrado + Cera Lata Mil Milhas','135','7898945110273','17898945110270','fabricados','un',8,0.85,0.85,'34053000',NULL);
INSERT INTO cadastros_products VALUES(22,'Kit 3X1 com Cera Color Mil Milhas','136','7898945110341','17898945110348','fabricados','un',10,0.85,0.85,'34029039','1100700');
INSERT INTO cadastros_products VALUES(23,'Kit 3X1 com Espuma Pequena Mil Milhas ','137','7898945110266','17898945110263','fabricados','un',5,1.1499999999999999111,1.1499999999999999111,'34029039','1100700');
INSERT INTO cadastros_products VALUES(24,'Kit 3X1 com Limpa Parabrisas Mil Milhas','31k','7893590347630','17893590347637','fabricados','un',5,1.1999999999999999644,1.1999999999999999644,'34029039','1100700');
INSERT INTO cadastros_products VALUES(25,'Kit 3X1 com Espuma Grande Mil Milhas ','14c','7893590347944','17893590347941','fabricados','un',5,1.1499999999999999111,1.1499999999999999111,'34029039','1100700');
INSERT INTO cadastros_products VALUES(26,'Kit 4X1 com Limpa Parabrisas Mil Milhas','13co','7893590347524','17893590347521','fabricados','un',5,1.25,1.25,'34029039','1100700');
INSERT INTO cadastros_products VALUES(27,'Kit 4X1 Especial com Silicone Gel Mil Milhas','44','7896070110342','17896070110349','fabricados','un',5,1.25,1.25,'34029039','1100700');
INSERT INTO cadastros_products VALUES(28,'Kit 4X1 Mil Milhas','13el','7896070493216','17896070493213','fabricados','un',5,1.5,1.5,'34029039','1100700');
INSERT INTO cadastros_products VALUES(29,'Kit 4X1 com Cera Lata Mil Milhas','43','7896070100701','17896070100708','fabricados','un',5,1.3999999999999999111,1.3999999999999999111,'34029039','1100700');
INSERT INTO cadastros_products VALUES(30,'Kit 5X1 Mil Milhas','14el','7896070944510','17896070944517','fabricados','un',5,1.6000000000000000888,1.6000000000000000888,'33074900',NULL);
INSERT INTO cadastros_products VALUES(31,'Kit  8X1 Mil Milhas','15c','7898945119009','17898945119006','fabricados','un',15,0.3,0.3,'63071000',NULL);
INSERT INTO cadastros_products VALUES(32,'Cera Lata 200g Mil Milhas','15el','7896070303522','17896070303529','fabricados','un',24,0.25,0.2,'34053000',NULL);
INSERT INTO cadastros_products VALUES(33,'Cera Color 200g Mil Milhas ','16el','7896070582705','17896070582702','fabricados','un',20,0.23000000000000002664,0.2,'34053000',NULL);
INSERT INTO cadastros_products VALUES(34,'Silicone Líquido 100ml Mil Milhas','1el','7896070312005','17896070312002','fabricados','un',60,0.1,0.1,'39100013',NULL);
INSERT INTO cadastros_products VALUES(35,'Silicone Líquido 200ml Mil Milhas','2ell','7896070312043','17896070312040','fabricados','un',16,0.16000000000000000888,0.2,'39100013',NULL);
INSERT INTO cadastros_products VALUES(36,'Silicone Gel 100g Carro Novo Mil Milhas','2el','7896070350052','17896070350059','fabricados','un',60,0.11000000000000000888,0.1,'39100013','');
INSERT INTO cadastros_products VALUES(37,'Silicone Gel  250g Carro Novo Mil Milhas','4el','7896070340107','17896070340104','fabricados','un',20,0.25,0.25,'39100013',NULL);
INSERT INTO cadastros_products VALUES(38,'Jet Cera Spray 500ml Mil Milhas ','30el','7896070303898','17896070303895','fabricados','un',20,0.55,0.5,'34053000',NULL);
INSERT INTO cadastros_products VALUES(39,'Limpa Parabrisas 100ml Mil Milhas','16c','7898945110099','17898945110096','fabricados','un',60,0.11999999999999999644,0.1,'34029039','1100700');
INSERT INTO cadastros_products VALUES(40,'Renovador de Parachoques 200ml Mil Milhas','27el','7896070136359','17896070136356','fabricados','un',25,0.27000000000000001776,0.2,'15200020',NULL);
INSERT INTO cadastros_products VALUES(41,'Aditivo Radiador Rosa 1 Litro Mil Milhas','3000','7896070904019','17896070904016','fabricados','un',12,1.0600000000000000532,1,'38237090',NULL);
INSERT INTO cadastros_products VALUES(42,'Estopa Automotiva de Limpeza 150g Mil Milhas','26e','7896070303003','17896070303000','fabricados','un',24,NULL,NULL,'52021000',NULL);
INSERT INTO cadastros_products VALUES(43,'Esponja de Limpeza Mil Milhas','27ele','7896070803374','17896070803371','fabricados','un',30,0.02,0.02,'39095029',NULL);
INSERT INTO cadastros_products VALUES(44,'Lava Auto Concentrado 1 Litro Mil Milhas','5e','7896070110403','17896070110400','fabricados','un',12,1.0700000000000000621,1,'34025000','1100700');
INSERT INTO cadastros_products VALUES(45,'Lava Auto com Cera 1 Litro Mil Milhas','6e','7896070110410','17896070110417','fabricados','un',12,1.090000000000000071,1,'34025000','1100700');
INSERT INTO cadastros_products VALUES(46,'Brilha Pneu Pretinho Líquido 1 Litro Mil Milhas','7e','7896070110397','17896070110394','fabricados','un',12,1.15999999999999992,1,'15200020',NULL);
INSERT INTO cadastros_products VALUES(47,'Cera PTFE para Correntes 90ml Mil Milhas ','1BK','7893590347692','17893590347699','fabricados','un',20,0.11999999999999999644,0.9,'34029039','1100700');
INSERT INTO cadastros_products VALUES(48,'Jet Cera Bike Spray 400ml Mil Milhas','4BK','7893590347654','17893590347651','fabricados','un',20,0.46000000000000005329,0.46000000000000005329,'34029039','1100700');
INSERT INTO cadastros_products VALUES(49,'Lava Bike Pronto Para Uso Spray 400ml Mil Milhas ','3BK','7893590347678','17893590347675','fabricados','un',20,0.46000000000000005329,0.46000000000000005329,'34029090','1100700');
INSERT INTO cadastros_products VALUES(50,'Lava Bikes Concentrado 400ml Mil Milhas ','5BK','7893590347685','17893590347682','fabricados','un',20,0.46000000000000005329,0.46000000000000005329,'34029090','1100700');
INSERT INTO cadastros_products VALUES(51,'Desengraxante Bike 400ml Mil Milhas','2BK','7893590347661','17893590347668','fabricados','un',20,0.44000000000000003552,0.4,'34029090','1100700');
INSERT INTO cadastros_products VALUES(52,'Limpa Cozinha Total Spray 910ml Casa Clean','9L','7893590347838','17893590347835','fabricados','un',10,1,0.90999999999999996447,'34025000','1100700');
INSERT INTO cadastros_products VALUES(53,'Limpa Cozinha Limpeza Pesada Spray 910ml Casa Clean','14L','7893590347821','17893590347828','fabricados','un',10,1,0.90999999999999996447,'34025000','1100700');
INSERT INTO cadastros_products VALUES(54,'Limpa Banheiro Total Spray 910ml Casa Clean','10L','7893590347814','17893590347811','fabricado','un',10,1,0.90999999999999996447,'34025000','1100700');
INSERT INTO cadastros_products VALUES(55,'Multiuso Spray 910ml Casa Clean','13L','7893590347760','17893590347767','fabricados','un',10,0.99000000000000003552,0.90999999999999996447,'34025000','1100700');
INSERT INTO cadastros_products VALUES(56,'Limpador Spray 910ml Floral Casa Clean','8L','7893590347784','17893590347781','fabricados','un',10,0.99000000000000003552,0.90999999999999996447,'34025000','1100700');
INSERT INTO cadastros_products VALUES(57,'Limpador Spray 910ml Fresh Casa Clean','6L','7893590347777','17893590347774','fabricados','un',10,0.99000000000000003552,0.90999999999999996447,'34025000','1100700');
INSERT INTO cadastros_products VALUES(58,'Limpador Spray 910ml Lavanda Casa Clean','7L','7893590347791','17893590347798','fabricados','un',10,0.99000000000000003552,0.90999999999999996447,'34025000','1100700');
INSERT INTO cadastros_products VALUES(59,'Limpador Spray 910ml Bambu Casa Clean','5L','7893590347807','17893590347804','fabricados','un',10,0.99000000000000003552,0.90999999999999996447,'34025000','1100700');
INSERT INTO cadastros_products VALUES(60,'Limpa Vidros Spray 910ml Casa Clean','1L','7893590347845','17893590347842','fabricados','un',10,0.99000000000000003552,0.90999999999999996447,'34025000','1100700');
INSERT INTO cadastros_products VALUES(61,'Limpa Vidros Refil 910ml Casa Clean','1LR','7896070000056','17896070000053','fabricados','un',10,0.99000000000000003552,0.90999999999999996447,'34025000','1100700');
INSERT INTO cadastros_products VALUES(62,'Limpador com Álcool Refil 910ml Bambu Casa Clean','5LR','7896070000087','17896070000084','fabricados','un',10,0.99000000000000003552,0.90999999999999996447,'34025000','1100700');
INSERT INTO cadastros_products VALUES(63,'Limpador com Álcool Refil 910ml Fresh Casa Clean','6LR','7896070000094','17896070000091','fabricados','un',10,0.99000000000000003552,0.90999999999999996447,'34025000','1100700');
INSERT INTO cadastros_products VALUES(64,'Limpador com Álcool Refil 910ml Lavanda Casa Clean ','7LR','7896070000100','17896070000107','fabricados','un',10,0.99000000000000003552,0.90999999999999996447,'34025000','1100700');
INSERT INTO cadastros_products VALUES(65,'Limpador com Álcool Refil 910ml Floral Casa Clean','8LR','7896070000131','17896070000138','fabricados','un',10,0.99000000000000003552,0.90999999999999996447,'34025000','1100700');
INSERT INTO cadastros_products VALUES(66,'Limpa Cozinha Total Refil 910ml Casa Clean','9LR','7896070000155','17896070000152','fabricados','un',10,1,0.90999999999999996447,'34025000','1100700');
INSERT INTO cadastros_products VALUES(67,'Limpa Cozinha Limpeza Pesada Refil 910ml Casa Clean','14LR','7896070000148','17896070000145','fabricados','un',10,1,0.90999999999999996447,'34025000','1100700');
INSERT INTO cadastros_products VALUES(68,'Limpa Banheiro Total Refil 910ml Casa Clean','10LR','7893590347517','17893590347514','fabricados','un',10,1,0.90999999999999996447,'34025000','1100700');
INSERT INTO cadastros_products VALUES(69,'Multiuso Refil 910ml Casa Clean','13LR','7896070000070','17896070000077','fabricados','un',10,0.99000000000000003552,0.90999999999999996447,'34025000','1100700');
INSERT INTO cadastros_products VALUES(70,'Kit Banheiro Total Spray + Refil 910ml Casa Clean','901','7893590347593','17893590347590','fabricados','un',5,2,1.8200000000000001065,'34025000','1100700');
INSERT INTO cadastros_products VALUES(71,'Kit Cozinha Total Spray + Refil 910ml Casa Clean','902','7893590347609','17893590347606','fabricados','un',5,2,1.8200000000000001065,'34025000','1100700');
INSERT INTO cadastros_products VALUES(72,'Kit Limpador com Álcool Floral Spray + Refil 910ml Casa Clean','903','7893590347647','17893590347644','fabricados','un',5,2,1.8200000000000001065,'34025000','1100700');
INSERT INTO cadastros_products VALUES(73,'Kit Limpa Vidros Spray + Refil 910ml Casa Clean','904','7893590347616','17893590347613','fabricados','un',5,2,1.8200000000000001065,'34025000','1100700');
INSERT INTO cadastros_products VALUES(74,'Kit Multiuso Spray + Refil 910ml Casa Clean','905','7893590347722','17893590347590','fabricados','un',5,2,1.8200000000000001065,'34025000','1100700');
INSERT INTO cadastros_products VALUES(75,'Kit Limpador com Álcool Lavanda Spray + Refil 910ml Casa Clean','906','7893590347623','17893590347620','fabricados','un',5,2,1.8200000000000001065,'34025000','1100700');
INSERT INTO cadastros_products VALUES(76,'Kit Limpador com Álcool Bambu Spray + Refil 910ml Casa Clean','907','7893590347708','17893590347705','fabricados','un',5,2,1.8200000000000001065,'34025000','1100700');
INSERT INTO cadastros_products VALUES(77,'Kit Limpador com Álcool Fresh Spray + Refil 910ml Casa Clean','908','7893590347715','17893590347712','fabricados','un',5,2,1.8200000000000001065,'34025000','1100700');
INSERT INTO cadastros_products VALUES(78,'Lava Louças Pump 1 Litro Maça Casa Clean','10','7898973182013','17898973182010','fabricados','un',12,1.0700000000000000621,1,'34025000','1100500');
INSERT INTO cadastros_products VALUES(79,'Lava Louças Pump 1 Litro Limão Casa Clean','11','7898973182020','17898973182027','fabricados','un',12,1.0700000000000000621,1,'34025000','1100500');
INSERT INTO cadastros_products VALUES(80,'Lava Louças Pump 1 Litro Coco Casa Clean','12','7898973182037','17898973182034','fabricados','un',12,1.0700000000000000621,1,'34025000','1100500');
INSERT INTO cadastros_products VALUES(81,'Lava Louças Pump 1 Litro Cristal Clean Neutro Casa Clean','13','7898973182044','17898973182041','fabricados','un',12,1.0700000000000000621,1,'34025000','1100500');
INSERT INTO cadastros_products VALUES(82,'Lava Louças Pump 1 Litro Cristal Blue Casa Clean','14','7898973182051','17898973182058','fabricados','un',12,1.0700000000000000621,1,'34025000','1100500');
INSERT INTO cadastros_products VALUES(83,'Lava Louças Refil 1 Litro Maça Casa Clean','20','7898973182105','17898973182102','fabricados','un',12,1.0700000000000000621,1,'34025000','1100500');
INSERT INTO cadastros_products VALUES(84,'Lava Louças Refil 1 Litro Limão Casa Clean','21','7898973182099','17898973182096','fabricados','un',12,1.0700000000000000621,1,'34025000','1100500');
INSERT INTO cadastros_products VALUES(85,'Lava Louças Refil 1 Litro Coco Casa Clean','22','7898973182082','17898973182089','fabricados','un',12,1.0700000000000000621,1,'34025000','1100500');
INSERT INTO cadastros_products VALUES(86,'Lava Louças Refil 1 Litro Cristal Clean Neutro Casa Clean','23','7898973182075','17898973182072','fabricados','un',12,1.0700000000000000621,1,'34025000','1100500');
INSERT INTO cadastros_products VALUES(87,'Lava Louças Refil 1 Litro Cristal Blue Casa Clean','24','7898973182068','17898973182065','fabricado','un',12,1.0700000000000000621,1,'34025000','1100500');
CREATE TABLE IF NOT EXISTS "vendas_pedidoitem" ("id" integer NOT NULL PRIMARY KEY AUTOINCREMENT, "object_id" integer unsigned NOT NULL CHECK ("object_id" >= 0), "quantidade" integer unsigned NOT NULL CHECK ("quantidade" >= 0), "quantidade_caixas" integer unsigned NOT NULL CHECK ("quantidade_caixas" >= 0), "content_type_id" integer NOT NULL REFERENCES "django_content_type" ("id") DEFERRABLE INITIALLY DEFERRED, "pedido_id" bigint NOT NULL REFERENCES "vendas_pedido" ("id") DEFERRABLE INITIALLY DEFERRED);
INSERT INTO vendas_pedidoitem VALUES(36,3,20,1,8,2);
INSERT INTO vendas_pedidoitem VALUES(38,39,120,2,8,2);
INSERT INTO vendas_pedidoitem VALUES(39,1,400,20,20,2);
INSERT INTO vendas_pedidoitem VALUES(40,87,12,1,8,24);
INSERT INTO vendas_pedidoitem VALUES(44,4,100,5,8,25);
INSERT INTO vendas_pedidoitem VALUES(45,34,180,3,8,25);
INSERT INTO vendas_pedidoitem VALUES(47,19,60,1,8,26);
INSERT INTO vendas_pedidoitem VALUES(48,41,16008,1334,8,26);
INSERT INTO vendas_pedidoitem VALUES(49,1,100,5,8,27);
INSERT INTO vendas_pedidoitem VALUES(50,4,40,2,8,27);
INSERT INTO vendas_pedidoitem VALUES(52,6,120,2,8,28);
CREATE TABLE IF NOT EXISTS "vendas_pedido" ("id" integer NOT NULL PRIMARY KEY AUTOINCREMENT, "data" datetime NOT NULL, "cliente_id" bigint NOT NULL REFERENCES "cadastros_clientes" ("id") DEFERRABLE INITIALLY DEFERRED, "aprovado" bool NOT NULL);
INSERT INTO vendas_pedido VALUES(2,'2024-07-29 21:07:03.462633',6,1);
INSERT INTO vendas_pedido VALUES(24,'2024-07-31 00:37:20.277393',2,1);
INSERT INTO vendas_pedido VALUES(25,'2024-07-31 21:42:31.246731',7,1);
INSERT INTO vendas_pedido VALUES(26,'2024-07-31 22:49:29.233545',1,1);
INSERT INTO vendas_pedido VALUES(27,'2024-08-05 22:39:21.453417',3,1);
INSERT INTO vendas_pedido VALUES(28,'2024-08-10 14:02:01.069009',3,1);
CREATE TABLE IF NOT EXISTS "produtos_acabados_mistocomponent" ("id" integer NOT NULL PRIMARY KEY AUTOINCREMENT, "object_id" integer unsigned NOT NULL CHECK ("object_id" >= 0), "lote" varchar(20) NOT NULL, "quantidade" integer NOT NULL, "content_type_id" integer NOT NULL REFERENCES "django_content_type" ("id") DEFERRABLE INITIALLY DEFERRED, "misto_item_id" bigint NOT NULL REFERENCES "produtos_acabados_mistoitem" ("id") DEFERRABLE INITIALLY DEFERRED);
INSERT INTO produtos_acabados_mistocomponent VALUES(8,7,'124',30,8,6);
INSERT INTO produtos_acabados_mistocomponent VALUES(9,87,'125',20,8,6);
INSERT INTO produtos_acabados_mistocomponent VALUES(10,54,'146',10,8,6);
INSERT INTO produtos_acabados_mistocomponent VALUES(11,54,'123',6,8,7);
INSERT INTO produtos_acabados_mistocomponent VALUES(12,54,'1235',6,8,7);
INSERT INTO produtos_acabados_mistocomponent VALUES(13,7,'123',12,8,8);
INSERT INTO produtos_acabados_mistocomponent VALUES(14,8,'1234',12,8,9);
INSERT INTO produtos_acabados_mistocomponent VALUES(15,7,'145',12,8,10);
INSERT INTO produtos_acabados_mistocomponent VALUES(16,7,'545',60,8,11);
INSERT INTO produtos_acabados_mistocomponent VALUES(17,7,'15325',6,8,12);
INSERT INTO produtos_acabados_mistocomponent VALUES(18,8,'15225',6,8,12);
INSERT INTO produtos_acabados_mistocomponent VALUES(19,8,'1',30,8,13);
INSERT INTO produtos_acabados_mistocomponent VALUES(20,8,'2',30,8,13);
INSERT INTO produtos_acabados_mistocomponent VALUES(21,7,'15325',60,8,14);
INSERT INTO produtos_acabados_mistocomponent VALUES(22,7,'123',60,8,15);
CREATE TABLE IF NOT EXISTS "produtos_acabados_mistoitem" ("id" integer NOT NULL PRIMARY KEY AUTOINCREMENT, "object_id" integer unsigned NOT NULL CHECK ("object_id" >= 0), "lote" varchar(20) NOT NULL, "quantidade_unitaria" integer NOT NULL, "content_type_id" integer NOT NULL REFERENCES "django_content_type" ("id") DEFERRABLE INITIALLY DEFERRED, "produto_nome" varchar(70) NOT NULL, "date" date NULL);
INSERT INTO produtos_acabados_mistoitem VALUES(6,6,'M123',60,8,'nat','2024-08-06');
INSERT INTO produtos_acabados_mistoitem VALUES(7,2,'123',11,20,'nat','2024-08-06');
INSERT INTO produtos_acabados_mistoitem VALUES(8,6,'M123',12,8,'nat','2024-08-06');
INSERT INTO produtos_acabados_mistoitem VALUES(9,6,'abc123',60,8,'nat','2024-08-06');
INSERT INTO produtos_acabados_mistoitem VALUES(10,6,'jj12345',12,8,'Aromatizante Gel 60g Misto Muffato','2024-08-06');
INSERT INTO produtos_acabados_mistoitem VALUES(11,6,'M123432532523',60,8,'Aromatizante Gel 60g Misto Mil Milhas','2024-08-06');
INSERT INTO produtos_acabados_mistoitem VALUES(12,6,'145-24',1008,8,'Aromatizante Gel 60g Misto Muffato','2024-08-07');
INSERT INTO produtos_acabados_mistoitem VALUES(13,6,'1232467',180,8,'Aromatizante Gel 60g Misto Mil Milhas','2024-08-07');
INSERT INTO produtos_acabados_mistoitem VALUES(14,6,'m1455',120,8,'Aromatizante Gel 60g Misto Mil Milhas','2024-08-10');
INSERT INTO produtos_acabados_mistoitem VALUES(15,6,'19865213',120,8,'Aromatizante Gel 60g Misto Mil Milhas','2024-08-13');
CREATE TABLE IF NOT EXISTS "vendas_pedidoseparacao" ("id" integer NOT NULL PRIMARY KEY AUTOINCREMENT, "lote" varchar(50) NOT NULL, "quantidade" integer unsigned NOT NULL CHECK ("quantidade" >= 0), "item_pedido_id" bigint NOT NULL REFERENCES "vendas_pedidoitem" ("id") DEFERRABLE INITIALLY DEFERRED, "pedido_id" bigint NOT NULL REFERENCES "vendas_pedido" ("id") DEFERRABLE INITIALLY DEFERRED);
INSERT INTO vendas_pedidoseparacao VALUES(11,'1234',16000,48,26);
INSERT INTO vendas_pedidoseparacao VALUES(12,'175',4,48,26);
INSERT INTO vendas_pedidoseparacao VALUES(13,'12',100,44,25);
INSERT INTO vendas_pedidoseparacao VALUES(14,'1',1,45,25);
INSERT INTO vendas_pedidoseparacao VALUES(16,'123411',100,39,2);
INSERT INTO vendas_pedidoseparacao VALUES(30,'m1455',120,52,28);
INSERT INTO vendas_pedidoseparacao VALUES(32,'36724',80,49,27);
DELETE FROM sqlite_sequence;
INSERT INTO sqlite_sequence VALUES('django_migrations',74);
INSERT INTO sqlite_sequence VALUES('django_admin_log',181);
INSERT INTO sqlite_sequence VALUES('django_content_type',25);
INSERT INTO sqlite_sequence VALUES('auth_permission',100);
INSERT INTO sqlite_sequence VALUES('auth_group',0);
INSERT INTO sqlite_sequence VALUES('auth_user',2);
INSERT INTO sqlite_sequence VALUES('cadastros_tabelapreco',5);
INSERT INTO sqlite_sequence VALUES('cadastros_tabelaprecoproduto',5);
INSERT INTO sqlite_sequence VALUES('produtos_acabados_transferencia_estoque_saida_info',0);
INSERT INTO sqlite_sequence VALUES('produtos_acabados_transferencia_estoque_saida_produtos',0);
INSERT INTO sqlite_sequence VALUES('produtos_acabados_transferenciaestoquesaidaprodutos',66);
INSERT INTO sqlite_sequence VALUES('cadastros_clientes',7);
INSERT INTO sqlite_sequence VALUES('produtos_acabados_transferenciaestoquesaidainfo',66);
INSERT INTO sqlite_sequence VALUES('cadastros_products_another_info',2);
INSERT INTO sqlite_sequence VALUES('cadastros_products',87);
INSERT INTO sqlite_sequence VALUES('vendas_pedidoitem',52);
INSERT INTO sqlite_sequence VALUES('vendas_pedido',28);
INSERT INTO sqlite_sequence VALUES('produtos_acabados_mistocomponent',22);
INSERT INTO sqlite_sequence VALUES('produtos_acabados_mistoitem',15);
INSERT INTO sqlite_sequence VALUES('vendas_pedidoseparacao',32);
CREATE UNIQUE INDEX "auth_group_permissions_group_id_permission_id_0cd325b0_uniq" ON "auth_group_permissions" ("group_id", "permission_id");
CREATE INDEX "auth_group_permissions_group_id_b120cbf9" ON "auth_group_permissions" ("group_id");
CREATE INDEX "auth_group_permissions_permission_id_84c5c92e" ON "auth_group_permissions" ("permission_id");
CREATE UNIQUE INDEX "auth_user_groups_user_id_group_id_94350c0c_uniq" ON "auth_user_groups" ("user_id", "group_id");
CREATE INDEX "auth_user_groups_user_id_6a12ed8b" ON "auth_user_groups" ("user_id");
CREATE INDEX "auth_user_groups_group_id_97559544" ON "auth_user_groups" ("group_id");
CREATE UNIQUE INDEX "auth_user_user_permissions_user_id_permission_id_14a6b632_uniq" ON "auth_user_user_permissions" ("user_id", "permission_id");
CREATE INDEX "auth_user_user_permissions_user_id_a95ead1b" ON "auth_user_user_permissions" ("user_id");
CREATE INDEX "auth_user_user_permissions_permission_id_1fbb5f2c" ON "auth_user_user_permissions" ("permission_id");
CREATE INDEX "django_admin_log_content_type_id_c4bce8eb" ON "django_admin_log" ("content_type_id");
CREATE INDEX "django_admin_log_user_id_c564eba6" ON "django_admin_log" ("user_id");
CREATE UNIQUE INDEX "django_content_type_app_label_model_76bd3d3b_uniq" ON "django_content_type" ("app_label", "model");
CREATE UNIQUE INDEX "auth_permission_content_type_id_codename_01ab375a_uniq" ON "auth_permission" ("content_type_id", "codename");
CREATE INDEX "auth_permission_content_type_id_2f476e4b" ON "auth_permission" ("content_type_id");
CREATE INDEX "cadastros_materiais_de_trabalho_supplier_id_83f94bc3" ON "cadastros_materiais_de_trabalho" ("supplier_id");
CREATE INDEX "django_session_expire_date_a5c62663" ON "django_session" ("expire_date");
CREATE INDEX "cadastros_tabelaprecoproduto_produto_id_fc638816" ON "cadastros_tabelaprecoproduto" ("produto_id");
CREATE INDEX "cadastros_tabelaprecoproduto_tabela_preco_id_1cbe6663" ON "cadastros_tabelaprecoproduto" ("tabela_preco_id");
CREATE INDEX "produtos_acabados_transferenciaestoquesaidaprodutos_numero_transferencia_id_b82dc106" ON "produtos_acabados_transferenciaestoquesaidaprodutos" ("numero_transferencia_id");
CREATE INDEX "produtos_acabados_transferenciaestoquesaidaprodutos_produto_id_158687c9" ON "produtos_acabados_transferenciaestoquesaidaprodutos" ("produto_id");
CREATE INDEX "cadastros_clientes_Gerente_comercial_id_6b357d42" ON "cadastros_clientes" ("Gerente_comercial_id");
CREATE INDEX "cadastros_clientes_vendedor_id_9b9b4e74" ON "cadastros_clientes" ("vendedor_id");
CREATE INDEX "cadastros_clientes_vendedor_2_id_1ed333a0" ON "cadastros_clientes" ("vendedor_2_id");
CREATE INDEX "cadastros_clientes_TabelaPreco_id_d02c99fc" ON "cadastros_clientes" ("TabelaPreco_id");
CREATE INDEX "cadastros_products_another_info_produto_pertence_id_d17138fb" ON "cadastros_products_another_info" ("produto_pertence_id");
CREATE INDEX "vendas_pedidoitem_content_type_id_6c0a97e9" ON "vendas_pedidoitem" ("content_type_id");
CREATE INDEX "vendas_pedidoitem_pedido_id_89e29f2d" ON "vendas_pedidoitem" ("pedido_id");
CREATE INDEX "vendas_pedido_cliente_id_cc96b909" ON "vendas_pedido" ("cliente_id");
CREATE INDEX "produtos_acabados_mistocomponent_content_type_id_c5d7d86d" ON "produtos_acabados_mistocomponent" ("content_type_id");
CREATE INDEX "produtos_acabados_mistocomponent_misto_item_id_ee1a093d" ON "produtos_acabados_mistocomponent" ("misto_item_id");
CREATE INDEX "produtos_acabados_mistoitem_content_type_id_2e470c2b" ON "produtos_acabados_mistoitem" ("content_type_id");
CREATE INDEX "vendas_pedidoseparacao_item_pedido_id_b39a1552" ON "vendas_pedidoseparacao" ("item_pedido_id");
CREATE INDEX "vendas_pedidoseparacao_pedido_id_b1d6950f" ON "vendas_pedidoseparacao" ("pedido_id");
COMMIT;
